counc_code,council,region,drought_index,heatwave_index,heavy_rain_index,heavy_days_yr,vheavy_days_yr,pop2022,area_km2,density,exposure_index,pop_matched
C001,Kondoa District,Dodoma,8.52,3.33,0.0,0.0,0.0,244854,4578.1,53.5,3.16,1
C002,Kondoa Town,Dodoma,8.49,3.4,0.21,0.3,0.0,80443,1474.9,54.5,3.19,1
C003,Mpwapwa District,Dodoma,6.74,3.84,0.07,0.1,0.0,403247,7427.6,54.3,3.18,1
C004,Kongwa District,Dodoma,7.23,3.79,0.0,0.0,0.0,443867,3917.6,113.3,4.08,1
C005,Chamwino District,Dodoma,7.83,4.55,0.07,0.1,0.0,486176,9085.0,53.5,3.16,1
C006,Dodoma City,Dodoma,7.23,4.32,0.14,0.2,0.0,765179,2601.7,294.1,5.24,1
C007,Bahi District,Dodoma,7.82,5.13,0.0,0.0,0.0,322526,5434.7,59.3,3.29,1
C008,Chemba District,Dodoma,8.41,4.0,0.0,0.0,0.0,339333,7445.1,45.6,2.97,1
C009,Monduli District,Arusha,9.0,3.83,0.21,0.3,0.0,227585,6897.8,33.0,2.58,1
C010,Meru District,Arusha,6.87,1.83,0.5,0.7,0.0,331603,1324.5,250.4,5.04,1
C011,Arusha District,Arusha,7.12,1.97,0.36,0.5,0.0,449518,1260.5,356.6,5.47,1
C012,Longido District,Arusha,9.48,3.49,0.21,0.3,0.0,175915,7987.5,22.0,2.08,1
C013,Karatu District,Arusha,8.59,3.62,0.07,0.1,0.0,280454,3096.7,90.6,3.8,1
C014,Ngorongoro District,Arusha,8.25,2.68,0.07,0.1,0.0,273549,15063.8,18.2,1.85,1
C015,Arusha City,Arusha,7.49,3.67,0.57,0.8,0.0,617631,273.8,2256.2,7.72,1
C016,Rombo District,Kilimanjaro,4.63,0.55,3.14,4.0,0.2,275314,1449.5,189.9,4.71,1
C017,Mwanga District,Kilimanjaro,8.11,4.67,0.36,0.5,0.0,148763,1968.2,75.6,3.58,1
C018,Same District,Kilimanjaro,8.31,3.93,0.21,0.3,0.0,300303,6162.0,48.7,3.05,1
C019,Moshi Municipal,Kilimanjaro,7.26,1.41,1.29,1.8,0.0,221733,54.3,4082.1,8.44,1
C020,Moshi District,Kilimanjaro,5.29,5.19,1.14,1.6,0.0,535803,1379.5,388.4,5.58,1
C021,Hai District,Kilimanjaro,5.05,1.41,1.14,1.6,0.0,240999,910.9,264.6,5.11,1
C022,Siha District,Kilimanjaro,5.86,2.22,1.29,1.8,0.0,139019,1203.2,115.5,4.1,1
C023,Lushoto District,Tanga,10.0,4.61,0.71,0.8,0.1,350958,3518.9,99.7,3.92,1
C024,Bumbuli District,Tanga,6.23,3.9,1.43,1.4,0.3,159373,797.3,199.9,4.77,1
C025,Korogwe District,Tanga,7.28,4.47,0.57,0.6,0.1,272870,3244.9,84.1,3.71,1
C026,Korogwe Town,Tanga,6.11,5.11,1.71,1.8,0.3,86551,212.1,408.1,5.64,1
C027,Muheza District,Tanga,7.01,5.74,2.36,2.7,0.3,238260,1534.0,155.3,4.46,1
C028,Tanga City,Tanga,7.52,6.17,2.93,2.9,0.6,393429,605.2,650.1,6.2,1
C029,Pangani District,Tanga,7.01,6.05,1.21,1.3,0.2,75642,1802.3,42.0,2.87,1
C030,Handeni District,Tanga,5.58,4.79,0.93,0.9,0.2,384353,6604.6,58.2,3.27,1
C031,Handeni Town,Tanga,7.12,4.19,0.43,0.4,0.1,108968,833.8,130.7,4.25,1
C032,Kilindi District,Tanga,7.99,3.19,0.36,0.5,0.0,398391,7021.4,56.7,3.24,1
C033,Mkinga District,Tanga,7.98,6.06,1.64,1.7,0.3,146802,2691.1,54.6,3.19,1
C034,Kilosa District,Morogoro,4.54,5.0,0.36,0.5,0.0,617032,11736.6,52.6,3.14,1
C035,Morogoro District,Morogoro,4.96,4.46,0.64,0.9,0.0,387736,11360.9,34.1,2.62,1
C036,Morogoro Municipal,Morogoro,5.84,4.99,0.29,0.4,0.0,471409,561.4,839.6,6.51,1
C037,Mlimba District,Morogoro,2.93,6.19,1.71,2.2,0.1,292536,6531.0,44.8,2.95,1
C038,Ifakara Town,Morogoro,4.14,6.11,0.79,1.1,0.0,290424,6618.3,43.9,2.92,1
C039,Ulanga District,Morogoro,4.0,5.57,0.79,0.7,0.2,232895,14001.6,16.6,1.74,1
C040,Malinyi District,Morogoro,2.95,4.63,0.93,1.1,0.1,225126,9528.8,23.6,2.17,1
C041,Mvomero District,Morogoro,5.83,5.5,0.21,0.3,0.0,421741,7684.1,54.9,3.2,1
C042,Gairo District,Morogoro,6.65,2.83,0.14,0.2,0.0,258205,2062.7,125.2,4.2,1
C043,Bagamoyo District,Pwani,6.89,6.13,0.5,0.7,0.0,205478,1534.6,133.9,4.28,1
C044,Chalinze District,Pwani,6.1,5.28,0.21,0.3,0.0,316759,6941.7,45.6,2.97,1
C045,Kibaha District,Pwani,6.83,6.11,0.57,0.8,0.0,123367,1642.3,75.1,3.58,1
C046,Kibaha Town,Pwani,6.75,6.03,0.71,1.0,0.0,265360,700.8,378.7,5.54,1
C047,Kisarawe District,Pwani,6.58,5.72,0.43,0.6,0.0,159226,4685.3,34.0,2.61,1
C048,Mkuranga District,Pwani,6.81,6.27,1.36,1.9,0.0,533033,3207.6,166.2,4.54,1
C049,Rufiji District,Pwani,5.98,6.5,0.14,0.2,0.0,159906,9155.8,17.5,1.8,1
C050,Mafia District,Pwani,2.15,6.17,7.07,7.7,1.1,66180,467.9,141.4,4.35,1
C051,Kibiti District,Pwani,6.95,6.02,0.86,1.2,0.0,195638,3721.6,52.6,3.14,1
C052,Kinondoni Municipal,Dar es Salaam,8.07,6.08,0.71,1.0,0.0,982328,267.3,3675.7,8.31,1
C053,Dar Es Salaam City,Dar es Salaam,6.72,6.19,1.64,2.1,0.1,1176512,351.2,3350.1,8.2,0
C054,Temeke Municipal,Dar es Salaam,6.96,6.19,1.64,2.3,0.0,1346674,153.1,8798.4,9.37,1
C055,Kigamboni Municipal,Dar es Salaam,6.93,6.29,2.29,2.8,0.2,317902,560.0,567.6,6.04,1
C056,Ubungo Municipal,Dar es Salaam,6.86,6.03,0.79,1.1,0.0,1086912,275.5,3945.4,8.4,1
C057,Kilwa District,Lindi,5.19,5.76,0.5,0.7,0.0,297676,15367.4,19.4,1.93,1
C058,Mtama District,Lindi,4.33,5.39,0.79,0.7,0.2,166493,3315.0,50.2,3.09,1
C059,Lindi Municipal,Lindi,5.2,5.52,0.86,0.8,0.2,174126,3639.7,47.8,3.03,1
C060,Nachingwea District,Lindi,3.78,5.65,0.14,0.2,0.0,233655,5592.1,41.8,2.86,1
C061,Liwale District,Lindi,3.97,5.33,0.0,0.0,0.0,136505,34407.5,4.0,0.0,1
C062,Ruangwa District,Lindi,4.23,4.97,0.57,0.8,0.0,185573,2552.5,72.7,3.54,1
C063,Mtwara District,Mtwara,4.35,5.51,1.36,1.3,0.3,158504,2164.3,73.2,3.55,1
C064,Nanyamba Town,Mtwara,3.21,5.57,0.71,0.8,0.1,132624,1540.1,86.1,3.74,1
C065,Mtwara Mikindani Municipal,Mtwara,4.92,5.94,1.57,1.6,0.3,146772,205.1,715.7,6.32,1
C066,Newala District,Mtwara,2.61,4.85,0.71,1.0,0.0,136939,1413.3,96.9,3.89,1
C067,Newala Town,Mtwara,2.26,5.58,1.07,1.5,0.0,104349,540.6,193.0,4.73,1
C068,Masasi District,Mtwara,3.54,5.37,0.29,0.4,0.0,314778,4219.0,74.6,3.57,1
C069,Masasi Town,Mtwara,3.48,5.82,0.5,0.7,0.0,137585,567.1,242.6,5.0,1
C070,Tandahimba District,Mtwara,2.82,4.87,0.93,1.3,0.0,299073,2096.6,142.6,4.36,1
C071,Nanyumbu District,Mtwara,4.18,6.11,0.07,0.1,0.0,204323,5285.4,38.7,2.77,1
C072,Tunduru District,Ruvuma,3.83,4.92,0.07,0.1,0.0,412054,18631.9,22.1,2.09,1
C073,Songea District,Ruvuma,2.02,3.92,0.43,0.6,0.0,178201,7427.3,24.0,2.19,1
C074,Songea Municipal,Ruvuma,2.72,3.58,0.71,1.0,0.0,286285,576.1,496.9,5.88,1
C075,Madaba District,Ruvuma,2.12,4.01,0.64,0.9,0.0,65215,6623.8,9.8,1.11,1
C076,Mbinga District,Ruvuma,1.9,3.46,0.5,0.7,0.0,285582,3485.6,81.9,3.68,1
C077,Mbinga Town,Ruvuma,1.28,2.88,0.57,0.8,0.0,158896,1242.3,127.9,4.22,1
C078,Nyasa District,Ruvuma,1.32,3.22,0.71,1.0,0.0,191193,3234.9,59.1,3.29,1
C079,Namtumbo District,Ruvuma,2.84,4.19,0.21,0.3,0.0,271368,21896.8,12.4,1.39,1
C080,Iringa District,Iringa,6.34,5.45,0.0,0.0,0.0,315354,19816.5,15.9,1.69,1
C081,Iringa Municipal,Iringa,7.06,2.01,0.14,0.2,0.0,202490,357.2,566.9,6.04,1
C082,Mafinga Town,Iringa,4.9,1.34,0.29,0.4,0.0,122329,1130.5,108.2,4.02,1
C083,Mufindi District,Iringa,4.29,1.02,0.43,0.4,0.1,288996,7135.0,40.5,2.83,1
C084,Kilolo District,Iringa,4.13,2.16,0.5,0.5,0.1,263559,9246.9,28.5,2.4,1
C085,Chunya District,Mbeya,2.36,3.31,0.0,0.0,0.0,344471,19079.2,18.1,1.84,1
C086,Mbeya District,Mbeya,2.05,1.63,0.29,0.4,0.0,371259,2726.0,136.2,4.3,1
C087,Mbeya City,Mbeya,2.41,1.63,0.36,0.5,0.0,541603,260.8,2077.1,7.62,1
C088,Kyela District,Mbeya,2.94,3.85,5.64,5.7,1.1,266426,809.6,329.1,5.37,1
C089,Rungwe District,Mbeya,1.36,1.58,2.86,2.8,0.6,273536,1413.4,193.5,4.73,1
C090,Busokelo District,Mbeya,0.83,2.02,2.93,3.1,0.5,44290,722.2,61.3,3.33,0
C091,Mbarali District,Mbeya,4.1,4.49,0.0,0.0,0.0,446336,13205.1,33.8,2.61,1
C092,Iramba District,Singida,5.96,4.46,0.36,0.5,0.0,328912,4482.1,73.4,3.55,1
C093,Singida District,Singida,8.36,2.84,0.07,0.1,0.0,284895,2485.2,114.6,4.09,1
C094,Singida Municipal,Singida,7.57,3.18,0.07,0.1,0.0,232459,729.8,318.5,5.33,1
C095,Manyoni District,Singida,6.88,4.77,0.0,0.0,0.0,279069,9544.8,29.2,2.43,1
C096,Itigi District,Singida,6.77,3.77,0.0,0.0,0.0,215947,19120.5,11.3,1.27,1
C097,Ikungi District,Singida,6.03,3.91,0.07,0.1,0.0,411262,8575.9,48.0,3.03,1
C098,Mkalama District,Singida,6.88,3.82,0.14,0.2,0.0,255514,3076.3,83.1,3.7,1
C099,Nzega Town,Tabora,6.79,4.82,0.86,1.0,0.1,125193,638.4,196.1,4.74,1
C100,Nzega District,Tabora,5.35,4.67,0.79,0.9,0.1,574498,7230.2,79.5,3.65,1
C101,Igunga District,Tabora,6.08,5.28,0.43,0.6,0.0,546204,7069.8,77.3,3.61,1
C102,Uyui District,Tabora,5.11,4.64,0.71,1.0,0.0,562588,11460.6,49.1,3.06,1
C103,Urambo District,Tabora,4.54,4.84,0.93,1.1,0.1,260322,5394.1,48.3,3.04,1
C104,Sikonge District,Tabora,4.55,4.97,0.71,0.8,0.1,335686,26522.5,12.7,1.41,1
C105,Tabora Municipal,Tabora,5.57,4.86,1.79,2.3,0.1,308741,1479.0,208.8,4.82,1
C106,Kaliua District,Tabora,4.6,4.76,0.43,0.6,0.0,678447,15757.9,43.1,2.9,1
C107,Kalambo District,Rukwa,3.25,2.55,0.14,0.2,0.0,316783,5651.6,56.1,3.22,1
C108,Sumbawanga District,Rukwa,3.4,3.91,0.14,0.2,0.0,494330,4736.2,104.4,3.98,1
C109,Sumbawanga Municipal,Rukwa,3.22,1.61,0.14,0.2,0.0,303986,1368.0,222.2,4.9,1
C110,Nkasi District,Rukwa,2.31,3.14,0.14,0.2,0.0,425420,9584.4,44.4,2.94,1
C111,Kibondo District,Kigoma,2.84,4.16,0.14,0.2,0.0,362922,13394.8,27.1,2.34,1
C112,Kasulu District,Kigoma,2.0,4.19,0.29,0.4,0.0,537767,7114.1,75.6,3.58,1
C113,Kasulu Town,Kigoma,1.59,3.39,0.36,0.3,0.1,238321,910.9,261.6,5.1,1
C114,Kigoma District,Kigoma,1.64,4.31,0.29,0.2,0.1,222792,1141.6,195.2,4.74,1
C115,Kigoma Ujiji City,Kigoma,2.08,4.81,0.14,0.2,0.0,232388,113.1,2054.5,7.6,1
C116,Uvinza District,Kigoma,1.34,3.5,0.14,0.2,0.0,458353,10350.6,44.3,2.93,1
C117,Buhigwe District,Kigoma,1.28,3.39,0.43,0.4,0.1,240005,1514.8,158.4,4.48,1
C118,Kakonko District,Kigoma,2.42,3.77,0.07,0.1,0.0,178419,2210.1,80.7,3.66,1
C119,Ushetu District,Shinyanga,4.82,4.36,0.5,0.7,0.0,390593,4139.0,94.4,3.85,1
C120,Kahama Municipal,Shinyanga,5.66,4.52,0.36,0.5,0.0,453654,1383.2,328.0,5.37,1
C121,Msalala District,Shinyanga,5.38,4.43,0.14,0.2,0.0,378214,2626.2,144.0,4.37,1
C122,Kishapu District,Shinyanga,5.89,5.29,0.07,0.1,0.0,335483,4262.6,78.7,3.63,1
C123,Shinyanga District,Shinyanga,4.5,4.81,0.29,0.4,0.0,468611,3520.5,133.1,4.27,1
C124,Shinyanga Municipal,Shinyanga,5.18,5.27,0.21,0.3,0.0,214744,551.7,389.2,5.58,1
C125,Karagwe District,Kagera,3.49,3.01,0.07,0.1,0.0,385744,5132.5,75.2,3.58,1
C126,Bukoba District,Kagera,1.95,3.06,0.29,0.4,0.0,322448,1622.6,198.7,4.76,1
C127,Bukoba Municipal,Kagera,0.0,3.48,1.71,2.4,0.0,144938,82.7,1753.1,7.41,1
C128,Muleba District,Kagera,3.44,3.0,0.29,0.4,0.0,637659,3504.5,182.0,4.65,1
C129,Biharamulo District,Kagera,3.18,3.46,0.0,0.0,0.0,457114,7369.8,62.0,3.34,1
C130,Ngara District,Kagera,3.76,3.12,0.07,0.1,0.0,383092,3274.5,117.0,4.12,1
C131,Kyerwa District,Kagera,2.64,3.09,0.07,0.1,0.0,412910,2566.6,160.9,4.5,1
C132,Missenyi District,Kagera,2.18,3.03,0.21,0.3,0.0,245394,2830.3,86.7,3.75,1
C133,Ukerewe District,Mwanza,4.56,4.46,0.57,0.8,0.0,387815,632.9,612.7,6.13,1
C134,Magu District,Mwanza,5.15,4.37,0.21,0.3,0.0,421119,1543.2,272.9,5.15,1
C135,Mwanza City,Mwanza,6.06,4.32,0.14,0.2,0.0,58096,182.2,318.9,5.34,0
C136,Kwimba District,Mwanza,3.93,4.43,0.07,0.1,0.0,480025,3251.4,147.6,4.4,1
C137,Sengerema District,Mwanza,4.71,4.08,0.21,0.3,0.0,425415,1847.5,230.3,4.94,1
C138,Buchosa District,Mwanza,3.83,4.07,0.29,0.4,0.0,413110,1314.5,314.3,5.32,1
C139,Ilemela Municipal,Mwanza,5.22,4.32,0.21,0.3,0.0,509687,254.2,2005.3,7.57,1
C140,Misungwi District,Mwanza,3.99,4.35,0.21,0.3,0.0,467867,2575.0,181.7,4.65,1
C141,Tarime District,Mara,2.28,3.87,0.14,0.2,0.0,404848,1356.9,298.4,5.25,1
C142,Tarime Town,Mara,1.97,3.13,0.29,0.4,0.0,133043,170.6,779.7,6.42,1
C143,Serengeti District,Mara,5.01,3.83,0.0,0.0,0.0,340349,11255.6,30.2,2.47,1
C144,Musoma District,Mara,4.18,4.44,0.14,0.2,0.0,266665,1282.5,207.9,4.82,1
C145,Musoma Municipal,Mara,4.47,4.33,0.07,0.1,0.0,164172,77.9,2107.5,7.63,1
C146,Bunda District,Mara,2.86,4.09,0.07,0.1,0.0,243822,2050.2,118.9,4.14,1
C147,Bunda Town,Mara,3.27,4.31,0.21,0.3,0.0,182970,990.2,184.8,4.67,1
C148,Butiama District,Mara,2.87,3.62,0.07,0.1,0.0,281656,1973.4,142.7,4.36,1
C149,Rorya District,Mara,3.36,4.08,0.07,0.1,0.0,354490,2018.9,175.6,4.61,1
C150,Babati District,Manyara,7.08,3.52,0.14,0.2,0.0,375200,5159.4,72.7,3.54,1
C151,Babati Town,Manyara,6.85,3.14,0.36,0.5,0.0,129572,457.0,283.5,5.19,1
C152,Hanang District,Manyara,8.52,2.28,0.14,0.2,0.0,367391,3570.3,102.9,3.96,1
C153,Mbulu District,Manyara,9.53,2.18,0.21,0.3,0.0,238272,3022.0,78.8,3.64,1
C154,Mbulu Town,Manyara,8.14,3.04,0.64,0.7,0.1,138593,872.0,158.9,4.49,1
C155,Simanjiro District,Manyara,8.93,3.29,0.07,0.1,0.0,291169,19398.4,15.0,1.62,1
C156,Kiteto District,Manyara,8.13,3.34,0.07,0.1,0.0,352305,12902.0,27.3,2.35,1
C157,Njombe District,Njombe,2.4,2.24,1.07,1.1,0.2,109311,3476.0,31.4,2.52,1
C158,Njombe Town,Njombe,0.96,1.25,0.29,0.4,0.0,182127,3504.9,52.0,3.13,1
C159,Makambako Town,Njombe,4.32,1.84,0.57,0.6,0.1,146481,853.2,171.7,4.58,1
C160,Ludewa District,Njombe,1.62,2.66,0.21,0.3,0.0,151361,5879.4,25.7,2.27,1
C161,Makete District,Njombe,0.51,0.0,0.43,0.6,0.0,109160,4071.6,26.8,2.32,1
C162,Wanging'Ombe District,Njombe,2.65,2.32,0.0,0.0,0.0,191506,3451.0,55.5,3.21,1
C163,Mpanda Municipal,Katavi,2.46,5.01,0.21,0.3,0.0,245764,553.9,443.7,5.74,1
C164,Nsimbo District,Katavi,2.3,4.83,0.14,0.2,0.0,201102,5932.9,33.9,2.61,1
C165,Tanganyika District,Katavi,1.65,3.03,0.07,0.1,0.0,371836,16314.5,22.8,2.13,1
C166,Mlele District,Katavi,2.59,4.88,0.43,0.4,0.1,118818,17368.2,6.8,0.66,1
C167,Mpimbwe District,Katavi,3.71,4.96,0.21,0.3,0.0,215438,6079.7,35.4,2.66,1
C168,Bariadi District,Simiyu,4.95,4.15,0.14,0.2,0.0,383385,4594.5,83.4,3.71,1
C169,Bariadi Town,Simiyu,5.22,4.42,0.36,0.5,0.0,260927,795.0,328.2,5.37,1
C170,Itilima District,Simiyu,6.24,3.59,0.14,0.2,0.0,419213,4719.6,88.8,3.78,1
C171,Meatu District,Simiyu,6.68,4.32,0.14,0.2,0.0,366941,8897.4,41.2,2.85,1
C172,Maswa District,Simiyu,4.43,4.31,0.36,0.5,0.0,427864,3671.7,116.5,4.11,1
C173,Busega District,Simiyu,4.56,4.31,0.21,0.3,0.0,282167,1442.6,195.6,4.74,1
C174,Geita District,Geita,4.47,3.67,0.21,0.3,0.0,1035214,3864.7,267.9,5.12,1
C175,Geita Town,Geita,5.39,3.71,0.21,0.3,0.0,361671,1055.1,342.8,5.42,1
C176,Nyang'Hwale District,Geita,4.69,4.12,0.29,0.4,0.0,225803,1604.4,140.7,4.34,1
C177,Halmashuari Ya Wilaya Ya Mbogwe District,Geita,5.38,4.31,0.07,0.1,0.0,362855,2121.3,171.1,4.58,1
C178,Bukombe District,Geita,3.46,4.3,0.21,0.3,0.0,407102,8002.9,50.9,3.1,1
C179,Chato District,Geita,3.33,4.27,0.21,0.3,0.0,584963,3000.0,195.0,4.74,1
C180,Momba District,Songwe,3.06,4.5,0.07,0.1,0.0,259781,4303.5,60.4,3.31,1
C181,Tunduma Town,Songwe,3.39,3.02,0.0,0.0,0.0,219309,492.2,445.6,5.74,1
C182,Songwe District,Songwe,2.32,4.02,0.29,0.4,0.0,229129,11046.7,20.7,2.01,1
C183,Mbozi District,Songwe,3.3,3.12,0.0,0.0,0.0,510599,3827.5,133.4,4.28,1
C184,Ileje District,Songwe,2.67,2.41,2.93,2.7,0.7,125869,1864.2,67.5,3.45,1
C185,Kaskazini A Town,Kaskazini Unguja,4.74,6.0,4.21,4.7,0.6,157369,245.1,642.0,6.19,1
C186,Kaskazini B Town,Kaskazini Unguja,4.48,6.18,6.21,6.3,1.2,99921,208.2,479.8,5.83,1
C187,Kati Town,Kusini Unguja,4.71,6.36,4.57,4.8,0.8,132717,527.6,251.6,5.05,1
C188,Kusini District,Kusini Unguja,4.57,6.32,4.5,4.9,0.7,63156,360.7,175.1,4.61,1
C189,Mjini Municipal,Mjini Magharibi,,6.36,0.0,0.0,0.0,219007,14.8,14757.4,10.0,1
C190,Magharibi A Municipal,Mjini Magharibi,4.8,6.18,4.86,5.6,0.6,329645,109.5,3009.2,8.07,1
C191,Magharibi B Municipal,Mjini Magharibi,5.43,6.36,4.43,5.2,0.5,344517,109.7,3140.8,8.12,1
C192,Wete Town,Kaskazini Pemba,5.4,6.03,6.36,6.1,1.4,148712,301.7,493.0,5.87,1
C193,Micheweni District,Kaskazini Pemba,6.24,6.03,4.57,4.6,0.9,123379,192.0,642.6,6.19,1
C194,Chake Chake Town,Kusini Pemba,5.11,6.03,8.57,7.6,2.2,136298,215.6,632.1,6.17,1
C195,Mkoani Town,Kusini Pemba,4.68,6.09,10.0,9.2,2.4,135052,252.6,534.5,5.96,1
