counc_code,council_name,type,district,region,data_unit,is_new
11,Kondoa District,District,Kondoa,Dodoma,Kondoa,
22,Kondoa Town,Town,Kondoa,Dodoma,Kondoa,
11,Mpwapwa District,District,Mpwapwa,Dodoma,Mpwapwa,
11,Kongwa District,District,Kongwa,Dodoma,Kongwa,
11,Chamwino District,District,Chamwino,Dodoma,Chamwino,
14,Dodoma City,City,Dodoma,Dodoma,Dodoma Urban,
11,Bahi District,District,Bahi,Dodoma,Bahi,
11,Chemba District,District,Chemba,Dodoma,Chemba,
11,Monduli District,District,Monduli,Arusha,Monduli,
11,Meru District,District,Arumeru,Arusha,Meru,
21,Arusha District,District,Arumeru,Arusha,Arusha,
11,Longido District,District,Longido,Arusha,Longido,
11,Karatu District,District,Karatu,Arusha,Karatu,
11,Ngorongoro District,District,Ngorongoro,Arusha,Ngorongoro,
14,Arusha City,City,Arusha,Arusha,Arusha Urban,
11,Rombo District,District,Rombo,Kilimanjaro,Rombo,
11,Mwanga District,District,Mwanga,Kilimanjaro,Mwanga,
11,Same District,District,Same,Kilimanjaro,Same,
13,Moshi Municipal,Municipal,Moshi,Kilimanjaro,Moshi Urban,
21,Moshi District,District,Moshi,Kilimanjaro,Moshi,
11,Hai District,District,Hai,Kilimanjaro,Hai,
11,Siha District,District,Siha,Kilimanjaro,Siha,
11,Lushoto District,District,Lushoto,Tanga,Lushoto,
21,Bumbuli District,District,Lushoto,Tanga,Lushoto,yes
11,Korogwe District,District,Korogwe,Tanga,Korogwe,
22,Korogwe Town,Town,Korogwe,Tanga,Korogwe,
11,Muheza District,District,Muheza,Tanga,Muheza,
14,Tanga City,City,Tanga,Tanga,Tanga Urban,
11,Pangani District,District,Pangani,Tanga,Pangani,
11,Handeni District,District,Handeni,Tanga,Handeni,
22,Handeni Town,Town,Handeni,Tanga,Handeni,
11,Kilindi District,District,Kilindi,Tanga,Kilindi,
11,Mkinga District,District,Mkinga,Tanga,Mkinga,
11,Kilosa District,District,Kilosa,Morogoro,Kilosa,
11,Morogoro District,District,Morogoro,Morogoro,Morogoro,
23,Morogoro Municipal,Municipal,Morogoro,Morogoro,Morogoro Urban,
11,Mlimba District,District,Kilombero,Morogoro,Kilombero,yes
22,Ifakara Town,Town,Kilombero,Morogoro,Kilombero,yes
11,Ulanga District,District,Ulanga,Morogoro,Ulanga,
11,Malinyi District,District,Malinyi,Morogoro,Ulanga,yes
11,Mvomero District,District,Mvomero,Morogoro,Mvomero,
11,Gairo District,District,Gairo,Morogoro,Gairo,
11,Bagamoyo District,District,Bagamoyo,Pwani,Bagamoyo,
21,Chalinze District,District,Bagamoyo,Pwani,Bagamoyo,yes
11,Kibaha District,District,Kibaha,Pwani,Kibaha,
22,Kibaha Town,Town,Kibaha,Pwani,Kibaha,
11,Kisarawe District,District,Kisarawe,Pwani,Kisarawe,
11,Mkuranga District,District,Mkuranga,Pwani,Mkuranga,
11,Rufiji District,District,Rufiji,Pwani,Rufiji,
11,Mafia District,District,Mafia,Pwani,Mafia,
11,Kibiti District,District,Kibiti,Pwani,Rufiji,yes
13,Kinondoni Municipal,Municipal,Kinondoni,Dar es Salaam,Kinondoni,
14,Dar Es Salaam City,City,Ilala,Dar es Salaam,Ilala,yes
13,Temeke Municipal,Municipal,Temeke,Dar es Salaam,Temeke,
13,Kigamboni Municipal,Municipal,Kigamboni,Dar es Salaam,Temeke,yes
13,Ubungo Municipal,Municipal,Ubungo,Dar es Salaam,Kinondoni,yes
11,Kilwa District,District,Kilwa,Lindi,Kilwa,
11,Mtama District,District,Lindi,Lindi,Lindi,yes
23,Lindi Municipal,Municipal,Lindi,Lindi,Lindi Urban,
11,Nachingwea District,District,Nachingwea,Lindi,Nachingwea,
11,Liwale District,District,Liwale,Lindi,Liwale,
11,Ruangwa District,District,Ruangwa,Lindi,Ruangwa,
11,Mtwara District,District,Mtwara,Mtwara,Mtwara,
22,Nanyamba Town,Town,Mtwara,Mtwara,Mtwara,yes
33,Mtwara Mikindani Municipal,Municipal,Mtwara,Mtwara,Mtwara,yes
11,Newala District,District,Newala,Mtwara,Newala,
22,Newala Town,Town,Newala,Mtwara,Newala,
11,Masasi District,District,Masasi,Mtwara,Masasi,
22,Masasi Town,Town,Masasi,Mtwara,Masasi,
11,Tandahimba District,District,Tandahimba,Mtwara,Tandahimba,
11,Nanyumbu District,District,Nanyumbu,Mtwara,Nanyumbu,
11,Tunduru District,District,Tunduru,Ruvuma,Tunduru,
11,Songea District,District,Songea,Ruvuma,Songea,
23,Songea Municipal,Municipal,Songea,Ruvuma,Songea Urban,
31,Madaba District,District,Songea,Ruvuma,Songea,yes
11,Mbinga District,District,Mbinga,Ruvuma,Mbinga,
22,Mbinga Town,Town,Mbinga,Ruvuma,Mbinga,
11,Nyasa District,District,Nyasa,Ruvuma,Nyasa,
11,Namtumbo District,District,Namtumbo,Ruvuma,Namtumbo,
11,Iringa District,District,Iringa,Iringa,Iringa,
23,Iringa Municipal,Municipal,Iringa,Iringa,Iringa Urban,
12,Mafinga Town,Town,Mufindi,Iringa,Mufindi,yes
21,Mufindi District,District,Mufindi,Iringa,Mufindi,
11,Kilolo District,District,Kilolo,Iringa,Kilolo,
11,Chunya District,District,Chunya,Mbeya,Chunya,
11,Mbeya District,District,Mbeya,Mbeya,Mbeya,
24,Mbeya City,City,Mbeya,Mbeya,Mbeya Urban,
11,Kyela District,District,Kyela,Mbeya,Kyela,
11,Rungwe District,District,Rungwe,Mbeya,Rungwe,
21,Busokelo District,District,Rungwe,Mbeya,Rungwe,yes
11,Mbarali District,District,Mbarali,Mbeya,Mbarali,
11,Iramba District,District,Iramba,Singida,Iramba,
11,Singida District,District,Singida,Singida,Singida,
23,Singida Municipal,Municipal,Singida,Singida,Singida Urban,
11,Manyoni District,District,Manyoni,Singida,Manyoni,
21,Itigi District,District,Manyoni,Singida,Manyoni,yes
11,Ikungi District,District,Ikungi,Singida,Ikungi,
11,Mkalama District,District,Mkalama,Singida,Mkalama,
12,Nzega Town,Town,Nzega,Tabora,Nzega,
21,Nzega District,District,Nzega,Tabora,Nzega,
11,Igunga District,District,Igunga,Tabora,Igunga,
11,Uyui District,District,Uyui,Tabora,Uyui,
11,Urambo District,District,Urambo,Tabora,Urambo,
11,Sikonge District,District,Sikonge,Tabora,Sikonge,
13,Tabora Municipal,Municipal,Tabora,Tabora,Tabora Urban,
11,Kaliua District,District,Kaliua,Tabora,Kaliua,
11,Kalambo District,District,Kalambo,Rukwa,Kalambo,
11,Sumbawanga District,District,Sumbawanga,Rukwa,Sumbawanga,
23,Sumbawanga Municipal,Municipal,Sumbawanga,Rukwa,Sumbawanga Urban,
11,Nkasi District,District,Nkasi,Rukwa,Nkasi,
11,Kibondo District,District,Kibondo,Kigoma,Kibondo,
11,Kasulu District,District,Kasulu,Kigoma,Kasulu,
22,Kasulu Town,Town,Kasulu,Kigoma,Kasulu,
11,Kigoma District,District,Kigoma,Kigoma,Kigoma,
23,Kigoma Ujiji City,City,Kigoma,Kigoma,Kigoma,yes
11,Uvinza District,District,Uvinza,Kigoma,Uvinza,
11,Buhigwe District,District,Buhigwe,Kigoma,Buhigwe,
11,Kakonko District,District,Kakonko,Kigoma,Kakonko,
11,Ushetu District,District,Kahama,Shinyanga,Kahama,yes
23,Kahama Municipal,Municipal,Kahama,Shinyanga,Kahama,
31,Msalala District,District,Kahama,Shinyanga,Kahama,yes
11,Kishapu District,District,Kishapu,Shinyanga,Kishapu,
11,Shinyanga District,District,Shinyanga,Shinyanga,Shinyanga,
13,Shinyanga Municipal,Municipal,Shinyanga,Shinyanga,Shinyanga Urban,
11,Karagwe District,District,Karagwe,Kagera,Karagwe,
11,Bukoba District,District,Bukoba,Kagera,Bukoba,
23,Bukoba Municipal,Municipal,Bukoba,Kagera,Bukoba Urban,
11,Muleba District,District,Muleba,Kagera,Muleba,
11,Biharamulo District,District,Biharamulo,Kagera,Biharamulo,
11,Ngara District,District,Ngara,Kagera,Ngara,
11,Kyerwa District,District,Kyerwa,Kagera,Kyerwa,
11,Missenyi District,District,Missenyi,Kagera,Missenyi,
11,Ukerewe District,District,Ukerewe,Mwanza,Ukerewe,
11,Magu District,District,Magu,Mwanza,Magu,
14,Mwanza City,City,Nyamagana,Mwanza,Nyamagana,yes
11,Kwimba District,District,Kwimba,Mwanza,Kwimba,
11,Sengerema District,District,Sengerema,Mwanza,Sengerema,
21,Buchosa District,District,Sengerema,Mwanza,Sengerema,yes
13,Ilemela Municipal,Municipal,Ilemela,Mwanza,Ilemela,
11,Misungwi District,District,Misungwi,Mwanza,Misungwi,
11,Tarime District,District,Tarime,Mara,Tarime,
12,Tarime Town,Town,Tarime,Mara,Tarime,
11,Serengeti District,District,Serengeti,Mara,Serengeti,
11,Musoma District,District,Musoma,Mara,Musoma,
23,Musoma Municipal,Municipal,Musoma,Mara,Musoma Urban,
11,Bunda District,District,Bunda,Mara,Bunda,
12,Bunda Town,Town,Bunda,Mara,Bunda,
11,Butiama District,District,Butiama,Mara,Butiama,
11,Rorya District,District,Rorya,Mara,Rorya,
11,Babati District,District,Babati,Manyara,Babati,
22,Babati Town,Town,Babati,Manyara,Babati,
11,Hanang District,District,Hanang,Manyara,Hanang,
11,Mbulu District,District,Mbulu,Manyara,Mbulu,
22,Mbulu Town,Town,Mbulu,Manyara,Mbulu,
11,Simanjiro District,District,Simanjiro,Manyara,Simanjiro,
11,Kiteto District,District,Kiteto,Manyara,Kiteto,
11,Njombe District,District,Njombe,Njombe,Njombe,
22,Njombe Town,Town,Njombe,Njombe,Njombe,
32,Makambako Town,Town,Njombe,Njombe,Njombe,yes
11,Ludewa District,District,Ludewa,Njombe,Ludewa,
11,Makete District,District,Makete,Njombe,Makete,
11,Wanging'Ombe District,District,Wanging'ombe,Njombe,Wanging'ombe,
13,Mpanda Municipal,Municipal,Mpanda,Katavi,Mpanda Urban,
21,Nsimbo District,District,Mpanda,Katavi,Mpanda,yes
11,Tanganyika District,District,Tanganyika,Katavi,Mpanda,yes
11,Mlele District,District,Mlele,Katavi,Mlele,
21,Mpimbwe District,District,Mlele,Katavi,Mlele,yes
11,Bariadi District,District,Bariadi,Simiyu,Bariadi,
22,Bariadi Town,Town,Bariadi,Simiyu,Bariadi,
11,Itilima District,District,Itilima,Simiyu,Itilima,
11,Meatu District,District,Meatu,Simiyu,Meatu,
11,Maswa District,District,Maswa,Simiyu,Maswa,
11,Busega District,District,Busega,Simiyu,Busega,
11,Geita District,District,Geita,Geita,Geita,
22,Geita Town,Town,Geita,Geita,Geita,
11,Nyang'Hwale District,District,Nyang'hwale,Geita,Nyang'hwale,
11,Halmashuari Ya Wilaya Ya Mbogwe District,District,Mbogwe,Geita,Mbogwe,yes
11,Bukombe District,District,Bukombe,Geita,Bukombe,
11,Chato District,District,Chato,Geita,Chato,
11,Momba District,District,Momba,Songwe,Momba,
22,Tunduma Town,Town,Momba,Songwe,Tunduma,
11,Songwe District,District,Songwe,Songwe,Songwe,
11,Mbozi District,District,Mbozi,Songwe,Mbozi,
11,Ileje District,District,Ileje,Songwe,Ileje,
12,Kaskazini A Town,Town,Kaskazini A,Kaskazini Unguja,Kaskazini A,
12,Kaskazini B Town,Town,Kaskazini B,Kaskazini Unguja,Kaskazini B,
12,Kati Town,Town,Kati,Kusini Unguja,Kati,
11,Kusini District,District,Kusini,Kusini Unguja,Kusini,
13,Mjini Municipal,Municipal,Mjini,Mjini Magharibi,Mjini,
13,Magharibi A Municipal,Municipal,Magharibi A,Mjini Magharibi,Magharibi,yes
01,Magharibi B Municipal,Municipal,Magharibi B,Mjini Magharibi,Magharibi,yes
12,Wete Town,Town,Wete,Kaskazini Pemba,Wete,
11,Micheweni District,District,Micheweni,Kaskazini Pemba,Micheweni,
12,Chake Chake Town,Town,Chake Chake,Kusini Pemba,Chake Chake,
12,Mkoani Town,Town,Mkoani,Kusini Pemba,Mkoani,
