dist_name,reg_name,max_felt,n_events_50km,earthquake_index
Mbulu,Manyara,7.44,14,10.0
Uvinza,Kigoma,7.17,2,8.53
Tanganyika,Katavi,7.17,1,8.53
Mkalama,Singida,7.03,12,7.74
Nkasi,Rukwa,6.97,1,7.39
Hanang,Manyara,6.96,8,7.32
Karatu,Arusha,6.9,6,7.03
Mpanda,Katavi,6.85,8,6.74
Kigoma,Kigoma,6.83,6,6.61
Babati,Manyara,6.8,11,6.47
Singida,Singida,6.77,5,6.26
Buhigwe,Kigoma,6.71,1,5.96
Kasulu,Kigoma,6.7,1,5.9
Meatu,Simiyu,6.67,1,5.71
Iramba,Singida,6.64,3,5.56
Longido,Arusha,6.63,19,5.49
Mlele,Katavi,6.6,0,5.33
Kalambo,Rukwa,6.59,1,5.26
Kondoa,Dodoma,6.58,8,5.21
Kaliua,Tabora,6.56,0,5.13
Kibondo,Kigoma,6.53,0,4.97
Sumbawanga,Rukwa,6.51,4,4.84
Urambo,Tabora,6.5,0,4.8
Ikungi,Singida,6.47,6,4.62
Monduli,Arusha,6.46,2,4.57
Missenyi,Kagera,6.43,1,4.37
Chemba,Dodoma,6.43,27,4.36
Itilima,Simiyu,6.42,0,4.33
Ngorongoro,Arusha,6.41,2,4.26
Kishapu,Shinyanga,6.4,2,4.22
Igunga,Tabora,6.37,2,4.06
Bukombe,Geita,6.37,0,4.06
Kakonko,Kigoma,6.35,0,3.95
Tabora,Tabora,6.35,0,3.92
Songwe,Songwe,6.34,0,3.89
Maswa,Simiyu,6.34,2,3.87
Sikonge,Tabora,6.34,1,3.86
Arusha,Arusha,6.3,1,3.68
Bariadi,Simiyu,6.3,0,3.63
Kahama,Shinyanga,6.29,3,3.61
Ngara,Kagera,6.28,0,3.54
Mbogwe,Geita,6.27,2,3.52
Uyui,Tabora,6.27,0,3.51
Nzega,Tabora,6.26,0,3.45
Momba,Songwe,6.26,11,3.44
Mtwara,Mtwara,6.26,1,3.43
Arumeru,Arusha,6.25,0,3.38
Biharamulo,Kagera,6.25,0,3.36
Kigamboni,Dar es Salaam,6.23,4,3.28
Chato,Geita,6.23,0,3.28
Chunya,Mbeya,6.22,0,3.23
Simanjiro,Manyara,6.2,1,3.12
Bukoba,Kagera,6.2,1,3.09
Mafia,Pwani,6.2,0,3.08
Geita,Geita,6.19,0,3.07
Mbozi,Songwe,6.19,4,3.05
Nyang'hwale,Geita,6.19,2,3.02
Kiteto,Manyara,6.18,0,3.01
Shinyanga,Shinyanga,6.18,0,2.99
Kyela,Mbeya,6.17,5,2.95
Serengeti,Mara,6.16,1,2.91
Kwimba,Mwanza,6.16,0,2.89
Bahi,Dodoma,6.15,2,2.83
Busega,Simiyu,6.15,0,2.81
Dodoma,Dodoma,6.14,4,2.75
Mbeya,Mbeya,6.14,0,2.75
Siha,Kilimanjaro,6.14,0,2.74
Sengerema,Mwanza,6.13,0,2.72
Hai,Kilimanjaro,6.13,0,2.71
Misungwi,Mwanza,6.12,0,2.67
Magu,Mwanza,6.12,1,2.65
Manyoni,Singida,6.12,1,2.64
Muleba,Kagera,6.12,0,2.63
Karagwe,Kagera,6.11,0,2.61
Ileje,Songwe,6.1,1,2.56
Nyamagana,Mwanza,6.09,0,2.51
Tandahimba,Mtwara,6.09,0,2.5
Bunda,Mara,6.09,0,2.49
Mbarali,Mbeya,6.08,0,2.46
Moshi,Kilimanjaro,6.08,0,2.45
Rungwe,Mbeya,6.08,1,2.45
Ilemela,Mwanza,6.08,0,2.42
Chamwino,Dodoma,6.08,0,2.41
Kongwa,Dodoma,6.07,0,2.36
Mkuranga,Pwani,6.06,1,2.34
Temeke,Dar es Salaam,6.06,2,2.32
Kyerwa,Kagera,6.06,0,2.31
Mwanga,Kilimanjaro,6.04,1,2.24
Lindi,Lindi,6.04,0,2.24
Rombo,Kilimanjaro,6.04,0,2.22
Makete,Njombe,6.04,0,2.19
Ukerewe,Mwanza,6.03,0,2.16
Butiama,Mara,6.03,1,2.13
Iringa,Iringa,6.01,1,2.04
Wanging'ombe,Njombe,6.01,0,2.03
Newala,Mtwara,6.0,0,2.01
Musoma,Mara,6.0,0,2.0
Ilala,Dar es Salaam,6.0,0,1.97
Tarime,Mara,6.0,1,1.97
Same,Kilimanjaro,5.99,3,1.92
Kilindi,Tanga,5.98,0,1.85
Gairo,Morogoro,5.96,0,1.79
Mufindi,Iringa,5.96,0,1.78
Rorya,Mara,5.95,1,1.72
Njombe,Njombe,5.95,0,1.7
Kibiti,Pwani,5.95,0,1.69
Mpwapwa,Dodoma,5.94,0,1.66
Ludewa,Njombe,5.93,0,1.6
Ubungo,Dar es Salaam,5.92,0,1.52
Ruangwa,Lindi,5.91,0,1.5
Kinondoni,Dar es Salaam,5.9,0,1.44
Masasi,Mtwara,5.9,0,1.42
Kilolo,Iringa,5.89,1,1.4
Korogwe,Tanga,5.88,1,1.33
Lushoto,Tanga,5.87,2,1.25
Mbinga,Ruvuma,5.87,0,1.24
Malinyi,Morogoro,5.85,0,1.16
Kilombero,Morogoro,5.85,0,1.15
Songea,Ruvuma,5.85,0,1.13
Handeni,Tanga,5.85,0,1.13
Mvomero,Morogoro,5.85,0,1.12
Kilosa,Morogoro,5.84,0,1.11
Nyasa,Ruvuma,5.84,2,1.08
Kilwa,Lindi,5.83,2,1.05
Kusini,Kusini Unguja,5.82,1,1.0
Ulanga,Morogoro,5.81,0,0.9
Nachingwea,Lindi,5.79,0,0.82
Muheza,Tanga,5.79,1,0.81
Morogoro,Morogoro,5.79,2,0.81
Nanyumbu,Mtwara,5.79,0,0.8
Namtumbo,Ruvuma,5.78,0,0.78
Mkinga,Tanga,5.78,4,0.75
Kisarawe,Pwani,5.77,1,0.7
Pangani,Tanga,5.76,0,0.64
Bagamoyo,Pwani,5.76,0,0.64
Tanga,Tanga,5.75,3,0.61
Magharibi B,Mjini Magharibi,5.73,1,0.47
Liwale,Lindi,5.72,0,0.44
Kati,Kusini Unguja,5.72,1,0.43
Kibaha,Pwani,5.72,0,0.42
Tunduru,Ruvuma,5.71,0,0.35
Rufiji,Pwani,5.7,2,0.34
Mjini,Mjini Magharibi,5.69,1,0.27
Kaskazini A,Kaskazini Unguja,5.68,1,0.18
Kaskazini B,Kaskazini Unguja,5.67,1,0.17
Magharibi A,Mjini Magharibi,5.67,1,0.15
Micheweni,Kaskazini Pemba,5.65,1,0.04
Wete,Kaskazini Pemba,5.65,1,0.03
Mkoani,Kusini Pemba,5.65,0,0.02
Chake Chake,Kusini Pemba,5.64,0,0.0
