adm2_code,adm1_name,adm2_name,population,density,coping:accessHealth,coping:communication,coping:drrImplementation,coping:economicCapacity,coping:education,coping:governance,coping:wash,hazard:coastalHazards,hazard:conflictIntensity,hazard:conflictRisk,hazard:drought,hazard:earthquake,hazard:environmentalDegradation,hazard:exposure,hazard:flood,hazard:hazardousMaterial,hazard:heatwave,hazard:internalViolence,hazard:landslide,hazard:lightning,hazard:stormsCyclone,hazard:vehicleAccidents,hazard:volcano,hazard:wildfire,hazard:zoonoses,vulnerability:childrenHealthNutrition,vulnerability:developmentPoverty,vulnerability:displacedPeople,vulnerability:economicDependency,vulnerability:habitat,vulnerability:healthConditions,vulnerability:livelihoods,hazard_total,vulnerability_total,coping_total,risk
TZ0101,Dodoma,Kondoa,325297,54,3.96,4.45,3,9.866666667,6.3,3.5,4.7,0,0,0.7,8.6,10,4.35,3.19,3.8,,3.3,1.35,4.7,3,0,3,0,4.75,4,7.5,7.7,0,3.966666667,4.9,4.5,10,2.7,5.4,4.6,4.1
TZ0102,Dodoma,Mpwapwa,403247,54,3.96,4.45,3,9.866666667,6.3,3.5,3.4,0,0,0.7,7,8.7,4.35,3.21,4.3,,3.8,1.35,7.1,3,0,3,0,4.75,4,7.5,7.7,0,3.966666667,4.9,4.5,10,2.7,5.4,4.4,4
TZ0103,Dodoma,Kongwa,443867,113,3.96,4.45,3,9.866666667,6.3,3.5,4.6,0,0,0.7,7.3,8,4.2,4.1,2.8,,3.8,1.35,4.8,3,0,3,0,4.75,4,7.5,7.7,0,3.966666667,4.9,4.5,10,2.5,5.4,4.6,4
TZ0104,Dodoma,Chamwino,486176,53,3.96,4.45,3,9.866666667,6.3,3.5,2.6,0,0,0.7,8,9.9,4.9,3.18,4.8,,4.6,1.35,4.1,3,0,3,0,4.75,4,7.5,7.7,0,3.966666667,4.9,4.5,10,2.8,5.4,4.4,4.1
TZ0105,Dodoma,Dodoma Urban,,,3.96,4.45,3,9.866666667,6.3,3.5,7,0,0,0.7,7,10,3.95,,3.1,,,1.35,1.2,,0,,0,4.75,,7.5,7.7,0,3.966666667,4.9,4.5,10,2,5.4,4.8,3.7
TZ0106,Dodoma,Bahi,322526,60,3.96,4.45,3,9.866666667,6.3,3.5,5.1,0,0,0.7,7.9,10,3.85,3.32,7.4,,5.1,1.35,0.6,3,0,3,0,4.75,4,7.5,7.7,0,3.966666667,4.9,4.5,10,2.7,5.4,4.6,4.1
TZ0107,Dodoma,Chemba,339333,46,3.96,4.45,3,9.866666667,6.3,3.5,4.1,0,0,0.7,8.6,10,5,2.99,5.7,,4,1.35,4,3,0,3,0,4.75,4,7.5,7.7,0,3.966666667,4.9,4.5,10,2.8,5.4,4.5,4.1
TZ0201,Arusha,Monduli,227585,33,5.54,6.55,3,8.466666667,5.3,3.5,7.1,0,0,0.7,9.2,10,3.6,2.59,3.4,,3.8,6.85,4.7,5,0,4,10,4,7,4.075,4.675,0,3.333333333,5.1,1,4.2,4.1,3.1,4.9,4
TZ0202,Arusha,Meru,,,5.54,6.55,3,8.466666667,5.3,3.5,7,0,0,0.7,8.6,10,5,,3.8,,,6.85,6.5,,0,,10,4,,4.075,4.675,0,3.333333333,5.1,1,4.2,4.1,3.1,4.9,4
TZ0203,Arusha,Arusha Urban,,,5.54,6.55,3,8.466666667,5.3,3.5,7,0,0,0.7,8.6,10,2.8,,0,,,6.85,4.5,,0,,10,4,,4.075,4.675,0,3.333333333,5.1,1,4.2,3.5,3.1,4.9,3.8
TZ0204,Arusha,Karatu,280454,90,5.54,6.55,3,8.466666667,5.3,3.5,6.2,0,0,0.7,8.7,10,4.3,3.83,4.7,,3.6,6.85,5.4,5,0,4,10,4,6,4.075,4.675,0,3.333333333,5.1,1,4.2,4.1,3.1,4.9,4
TZ0205,Arusha,Ngorongoro,273549,18,5.54,6.55,3,8.466666667,5.3,3.5,7.3,0,0,0.7,8.6,7.2,4.3,1.86,4.7,,2.7,6.85,6.9,5,0,4,10,4,7,4.075,4.675,0,3.333333333,5.1,1,4.2,4,3.1,4.9,3.9
TZ0206,Arusha,Arusha,1067149,3827,5.54,6.55,3,8.466666667,5.3,3.5,6.9,0,0,0.7,8.6,10,6.15,8.42,3.2,,3.7,6.85,6.5,5,0,5,10,4,6,4.075,4.675,0,3.333333333,5.1,1,4.2,4.3,3.1,4.9,4
TZ0207,Arusha,Longido,175915,22,5.54,6.55,3,8.466666667,5.3,3.5,7.5,0,0,0.7,9.7,10,3.1,2.1,4.7,,3.5,6.85,4.8,5,0,4,10,4,7,4.075,4.675,0,3.333333333,5.1,1,4.2,4.1,3.1,5,4
TZ0301,Kilimanjaro,Rombo,275314,187,4.02,4.45,6.5,6.666666667,4.2,4.6,6.2,0,0,0.7,4.4,10,5.2,4.72,3.8,,0.6,6.4,7,6,0,4,5,3.9,5,2.75,2.7,0,2.333333333,5.5,1.4,0,3.5,2,5.3,3.3
TZ0302,Kilimanjaro,Mwanga,148763,76,4.02,4.45,4.5,6.666666667,4.2,4.6,6.5,0,0,0.7,8,10,4.6,3.61,7,,4.7,6.4,7,6,0,4,4,3.9,5,2.75,2.7,0,2.333333333,5.5,1.4,0,4,2,4.9,3.4
TZ0303,Kilimanjaro,Same,300303,49,4.02,4.45,3.8,6.666666667,4.2,4.5,4.1,0,0,0.7,8.4,10,4.4,3.08,7.1,,3.9,6.4,8.2,6,0,4,4,3.9,6,2.75,2.7,0,2.333333333,5.5,1.4,0,4.1,2,4.5,3.3
TZ0304,Kilimanjaro,Moshi,757536,528,4.02,4.45,6.5,6.666666667,4.2,4.6,2.7,0,0,0.7,5.1,10,3.65,5.99,6,,5.2,6.4,7,6,0,4,5,3.9,5,2.75,2.7,0,2.333333333,5.5,1.4,0,3.8,2,5,3.4
TZ0305,Kilimanjaro,Hai,240999,268,4.02,4.45,4.5,6.666666667,4.2,4.6,6.2,0,0,0.7,4.9,10,3.85,5.16,5,,1.4,6.4,7,6,0,4,5,3.9,5,2.75,2.7,0,2.333333333,5.5,1.4,0,3.6,2,4.9,3.3
TZ0306,Kilimanjaro,Moshi Urban,,,4.02,4.45,6.5,6.666666667,4.2,4.6,7,0,0,0.7,0.7,10,2.35,,0,,,6.4,0,,0,,0,3.9,,2.75,2.7,0,2.333333333,5.5,1.4,0,2.1,2,5.4,2.8
TZ0307,Kilimanjaro,Siha,139019,117,4.02,4.45,6.5,6.666666667,4.2,4.6,7.4,0,0,0.7,5.7,10,5,4.14,2.3,,2.2,6.4,5,6,0,4,5,3.9,5,2.75,2.7,0,2.333333333,5.5,1.4,0,3.5,2,5.4,3.4
TZ0401,Tanga,Lushoto,350958,81,5.36,5.35,6.5,7.7,5.5,4.5,2.1,0,0,0.7,10,10,5.25,3.7,2.7,,4.6,7,8,3,0,3,0,3.4,,3.975,4.9,0,2.566666667,5.9,3.6,5.7,3.5,3.7,5.4,4.1
TZ0402,Tanga,Korogwe,359421,105,5.36,5.35,6.5,7.7,5.5,4.5,4.1,0,0,0.7,7.3,7.9,5,4.01,8,,4.5,7,8,3,0,3,0,3.4,,3.975,4.9,0,2.566666667,5.9,3.6,5.7,3.5,3.7,5.6,4.2
TZ0403,Tanga,Muheza,238260,155,5.36,5.35,6.5,7.7,5.5,4.5,4.4,7,0,0.7,7,0.6,6.65,4.49,5.2,,5.7,7,8,3,3,3,0,3.4,,3.975,4.9,0,2.566666667,5.9,3.6,5.7,3.7,3.7,5.6,4.2
TZ0404,Tanga,Tanga Urban,,,5.36,5.35,6.5,7.7,5.5,4.5,7,7,0,0.7,4.3,0,6.4,,6.3,,,7,2.6,,0,,0,3.4,,3.975,4.9,0,2.566666667,5.9,3.6,5.7,3,3.7,5.9,4
TZ0405,Tanga,Pangani,75642,42,5.36,5.35,6.5,7.7,5.5,4.5,7.6,7,0,0.7,7,0,6.1,2.89,9.8,,6.1,7,4.2,3,6,3,0,3.4,,3.975,4.9,0,2.566666667,5.9,3.6,5.7,3.8,3.7,5.9,4.4
TZ0406,Tanga,Handeni,493321,66,5.36,5.35,3.8,7.7,5.5,4.5,2.9,0,0,0.7,5.4,0,6.3,3.45,3.8,,4.8,7,1.8,3,0,3,0,3.4,,3.975,4.9,0,2.566666667,5.9,3.6,5.7,2.7,3.7,4.8,3.6
TZ0407,Tanga,Kilindi,398391,57,5.36,5.35,6.5,7.7,5.5,4.5,3.8,0,0,0.7,8,0,6.15,3.26,3.6,,3.2,7,6.1,3,0,3,0,3.4,,3.975,4.9,0,2.566666667,5.9,3.6,5.7,2.9,3.7,5.5,3.9
TZ0408,Tanga,Mkinga,146802,54,5.36,5.35,6.5,7.7,5.5,4.5,6.1,7,0,0.7,8,,4.9,3.2,2.3,,6.1,7,,3,5,3,0,3.4,,3.975,4.9,0,2.566666667,5.9,3.6,5.7,3.6,3.7,5.8,4.3
TZ0409,Tanga,Korogwe Township Authority,,,5.36,5.35,6.5,7.7,5.5,4.5,7,0,0,0.7,4.3,0.1,5.3,,8.9,,,7,6.1,,0,,0,3.4,,3.975,4.9,0,2.566666667,5.9,3.6,5.7,2.8,3.7,5.9,3.9
TZ0410,Tanga,Handeni Mji,,,5.36,5.35,6.5,7.7,5.5,4.5,7,0,0,0.7,4.3,0,6.05,,2.4,,,7,1.2,,0,,0,3.4,,3.975,4.9,0,2.566666667,5.9,3.6,5.7,2.3,3.7,5.9,3.7
TZ0501,Morogoro,Kilosa,617032,53,4.9,7.8,6.5,8.8,5.4,3.8,2.4,0,0,0.7,4.3,5.7,5.25,3.16,8.5,,5,7.05,7.3,3,0,4,0,6.1,4,3.05,5.675,0,3.2,5.55,4.2,0,3.5,3,5.5,3.9
TZ0502,Morogoro,Morogoro,859145,72,4.9,7.8,6.5,8.8,5.4,3.8,2.3,0,0,0.7,4.8,7.3,5.3,3.55,7,,4.5,7.05,7.8,3,0,5,0,6.1,4,3.05,5.675,0,3.2,5.55,4.2,0,3.7,3,5.5,3.9
TZ0503,Morogoro,Kilombero,582960,44,4.9,7.8,6.5,8.8,5.4,3.8,3.1,0,0,0.7,2.9,2.5,5.45,2.96,8.5,,5.6,7.05,6.8,3,0,4,0,6.1,4,3.05,5.675,0,3.2,5.55,4.2,0,3.3,3,5.6,3.8
TZ0504,Morogoro,Ulanga,232895,17,4.9,7.8,6.5,8.8,5.4,3.8,7,0,0,0.7,3.6,0,5.3,1.76,8.5,,5.6,7.05,4.6,3,0,4,0,6.1,4,3.05,5.675,0,3.2,5.55,4.2,0,3.2,3,6,3.9
TZ0505,Morogoro,Morogoro Urban,,,4.9,7.8,6.5,8.8,5.4,3.8,7,0,0,0.7,0.7,0,4.75,,0,,,7.05,4.8,,0,,0,6.1,,3.05,5.675,0,3.2,5.55,4.2,0,2.2,3,6,3.4
TZ0506,Morogoro,Mvomero,421741,55,4.9,7.8,6.5,8.8,5.4,3.8,3.5,0,0,0.7,5.7,3.2,5.25,3.22,7.2,,5.5,7.05,7.9,3,0,4,0,6.1,4,3.05,5.675,0,3.2,5.55,4.2,0,3.5,3,5.6,3.9
TZ0507,Morogoro,Gairo,258205,126,4.9,7.8,6.5,8.8,5.4,3.8,6.3,0,0,0.7,6.7,0.1,5.35,4.24,7,,2.8,7.05,6.8,3,0,4,0,6.1,4,3.05,5.675,0,3.2,5.55,4.2,0,3.2,3,5.9,3.8
TZ0601,Pwani,Bagamoyo,205478,24,5.32,5.95,6.5,8.666666667,6,4.2,2.8,7.5,0,0.7,5.6,0,5.35,2.22,7,,5.9,6.8,1.1,3,6,4,0,4.5,,6.35,6.425,0,3.466666667,5.75,4.7,0,3.6,3.8,5.5,4.2
TZ0602,Pwani,Kibaha,388727,167,5.32,5.95,6.5,8.666666667,6,4.2,7.2,0,0,0.7,6.4,0,5.65,4.58,6.8,,6.1,6.8,0,3,3,5,0,4.5,,6.35,6.425,0,3.466666667,5.75,4.7,0,3.2,3.8,6,4.2
TZ0603,Pwani,Kisarawe,159226,34,5.32,5.95,6.5,8.666666667,6,4.2,6.8,0,0,0.7,6.5,4,5.45,2.63,4.7,,5.7,6.8,1.7,3,4,4,0,4.5,,6.35,6.425,0,3.466666667,5.75,4.7,0,3.3,3.8,5.9,4.2
TZ0604,Pwani,Mkuranga,533033,168,5.32,5.95,6.5,8.666666667,6,4.2,4.2,7.5,0,0.7,6.7,2.5,5.95,4.59,7,,6.3,6.8,1.8,3,6,4,0,4.5,,6.35,6.425,0,3.466666667,5.75,4.7,0,3.9,3.8,5.7,4.4
TZ0605,Pwani,Rufiji,159906,17,5.32,5.95,4.5,8.666666667,6,4.2,6.9,7.5,0,0.7,5.8,0.7,5.4,1.81,9,,6.5,6.8,5.2,3,7,4,0,4.5,,6.35,6.425,0,3.466666667,5.75,4.7,0,4,3.8,5.5,4.4
TZ0606,Pwani,Mafia,66180,134,5.32,5.95,6.5,8.666666667,6,4.2,7.6,7.5,0,0.7,2.9,1.6,5.4,4.31,7.1,,6.2,6.8,2.6,3,9,4,0,4.5,,6.35,6.425,0,3.466666667,5.75,4.7,0,3.7,3.8,6,4.4
TZ0607,Pwani,Kibaha Urban,,,5.32,5.95,6.5,8.666666667,6,4.2,7,0,0,0.7,2.9,0,5.45,,1.2,,,6.8,0,,0,,0,4.5,,6.35,6.425,0,3.466666667,5.75,4.7,0,2,3.8,6,3.6
TZ0701,Dar-es-salaam,Kinondoni,982328,3663,4.58,1.65,4.5,4.8,2.15,5,7.5,7.5,0,0.7,10,0,6.3,8.37,8.2,4,6.1,8.1,0,3,5,5,0,0.2,,6,3.15,0,1.166666667,9.3,4.4,0,3.9,3.5,4.4,3.9
TZ0702,Dar-es-salaam,Ilala,1649912,4643,4.58,1.65,6.5,4.8,2.15,6.45,6.7,7.5,0,0.7,10,0,6.5,8.66,8.3,4,6.2,8.1,0,3,5,5,0,0.2,,6,3.15,2.1,1.166666667,9.3,4.4,0,3.9,3.8,5.2,4.3
TZ0703,Dar-es-salaam,Temeke,1346674,8823,4.58,1.65,6.5,4.8,2.15,6.45,7,7.5,0,0.7,10,0.4,6.6,9.44,8.7,6,6.2,8.1,2.4,3,6,5,0,0.2,,6,3.15,0,1.166666667,9.3,4.4,0,4.3,3.5,5.2,4.3
TZ0801,Lindi,Kilwa,297676,19,4.96,7.85,6.5,9.4,6.2,3,6.6,7,0,0.7,5,0.4,4.35,1.94,7.5,4,5.8,5.2,4.4,2,8,,0,7.9,,5.875,8,0,3.133333333,5.05,4.7,0,3.7,3.8,5.9,4.4
TZ0802,Lindi,Lindi,174126,25,4.96,7.85,6.5,9.4,6.2,3,3.7,7,0,0.7,4.8,0.1,5,2.25,7.1,4,5.3,5.2,0.7,2,9,,0,7.9,,5.875,8,0,3.133333333,5.05,4.7,0,3.5,3.8,5.6,4.2
TZ0803,Lindi,Nachingwea,233655,42,4.96,7.85,6.5,9.4,6.2,3,5.1,0,0,0.7,3.5,0,3.95,2.89,4.6,,5.7,5.2,0,2,3,,0,7.9,,5.875,8,0,3.133333333,5.05,4.7,0,2.4,3.8,5.7,3.7
TZ0804,Lindi,Liwale,136505,4,4.96,7.85,6.5,9.4,6.2,3,6.8,0,0,0.7,3.6,0,3.55,0,7,,5.3,5.2,0,2,3,,0,7.9,,5.875,8,0,3.133333333,5.05,4.7,0,2.5,3.8,5.9,3.8
TZ0805,Lindi,Ruangwa,185573,72,4.96,7.85,6.5,9.4,6.2,3,5.3,0,0,0.7,4,0,4.1,3.56,4.5,,5,5.2,0,2,4,,0,7.9,,5.875,8,0,3.133333333,5.05,4.7,0,2.5,3.8,5.7,3.8
TZ0806,Lindi,Lindi Urban,,,4.96,7.85,6.5,9.4,6.2,3,7,7,0,0.7,0,0,4.95,,6.8,,,5.2,0,,0,,0,7.9,,5.875,8,0,3.133333333,5.05,4.7,0,2.5,3.8,6,3.8
TZ0901,Mtwara,Mtwara,305276,78,5.5,8.2,6.5,9.3,6.2,3.9,3.2,7,0,0.7,4.1,5.7,5.6,3.65,8.2,5,5.5,9.1,1.8,2,10,,0,5.5,,6.45,7.5,7.3,2.766666667,5.15,6,0,4.4,5.4,5.9,5.2
TZ0902,Mtwara,Newala,241288,124,5.5,8.2,6.5,9.3,6.2,3.9,4.7,0,0,0.7,2.2,0,5.1,4.22,4,,4.9,9.1,0,2,4,,0,5.5,,6.45,7.5,7.3,2.766666667,5.15,6,0,2.9,5.4,6,4.5
TZ0903,Mtwara,Masasi,452363,94,5.5,8.2,6.5,9.3,6.2,3.9,2.2,0,0,0.7,3.3,0,4.25,3.88,3.7,,5.4,9.1,0,2,4,,0,5.5,,6.45,7.5,7.3,2.766666667,5.15,6,0,3,5.4,5.8,4.5
TZ0904,Mtwara,Tandahimba,299073,143,5.5,8.2,6.5,9.3,6.2,3.9,4.2,0,0,0.7,2.4,0,5.15,4.39,4.9,,4.9,9.1,0,2,5,,0,5.5,,6.45,7.5,7.3,2.766666667,5.15,6,0,3,5.4,6,4.6
TZ0905,Mtwara,Mtwara Urban,,,5.5,8.2,6.5,9.3,6.2,3.9,7,7,0,0.7,0,10,5.1,,5.4,,,9.1,4.2,,0,,0,5.5,,6.45,7.5,7.3,2.766666667,5.15,6,0,3.7,5.4,6.3,5
TZ0906,Mtwara,Nanyumbu,204323,39,5.5,8.2,6.5,9.3,6.2,3.9,4.3,0,0,0.7,3.9,0,4,2.79,4.6,,6.1,9.1,0,2,3,,0,5.5,,6.45,7.5,7.3,2.766666667,5.15,6,0,3,5.4,6,4.6
TZ0907,Mtwara,Masasi  Township Authority,,,5.5,8.2,6.5,9.3,6.2,3.9,7,0,0,0.7,0,0,4.15,,0,,,9.1,0,,0,,0,5.5,,6.45,7.5,7.3,2.766666667,5.15,6,0,2.2,5.4,6.3,4.2
TZ1001,Ruvuma,Tunduru,412054,22,4.3,7.75,6.5,8.733333333,5.1,3.6,2.7,0,0,0.7,3.5,4,4.1,2.1,6,,4.9,5.3,0,3,0,,0,7.5,4,7.5,5.55,0,3.133333333,5.45,4.7,0,2.6,3.8,5.4,3.8
TZ1002,Ruvuma,Songea,464486,32,4.3,7.75,6.5,8.733333333,5.1,3.6,3.8,0,0,0.7,1.8,4,4.45,2.55,3.8,,3.6,5.3,5.9,3,0,,0,7.5,4,7.5,5.55,0,3.133333333,5.45,4.7,0,2.6,3.8,5.5,3.8
TZ1003,Ruvuma,Mbinga,444478,94,4.3,7.75,6.5,8.733333333,5.1,3.6,2.3,0,0,0.7,1.7,9.4,4.25,3.88,2.2,,3.5,5.3,7.8,3,0,,0,7.5,4,7.5,5.55,0,3.133333333,5.45,4.7,0,2.8,3.8,5.3,3.8
TZ1004,Ruvuma,Songea Urban,,,4.3,7.75,6.5,8.733333333,5.1,3.6,7,0,0,0.7,0,0,3.7,,0,,,5.3,3.6,,0,,0,7.5,,7.5,5.55,0,3.133333333,5.45,4.7,0,1.8,3.8,5.9,3.4
TZ1005,Ruvuma,Namtumbo,271368,12,4.3,7.75,6.5,8.733333333,5.1,3.6,6.7,0,0,0.7,2.4,4,3.7,1.39,1.9,,4.2,5.3,2.9,3,0,,0,7.5,4,7.5,5.55,0,3.133333333,5.45,4.7,0,2.4,3.8,5.8,3.8
TZ1006,Ruvuma,Nyasa,191193,59,4.3,7.75,6.5,8.733333333,5.1,3.6,6.6,0,0,0.7,0.8,9.9,4.55,3.31,4,,3.2,5.3,6.6,3,0,,0,7.5,4,7.5,5.55,0,3.133333333,5.45,4.7,0,2.8,3.8,5.8,4
TZ1101,Iringa,Iringa,517844,26,4.38,6.6,6.5,8.266666667,5,3.6,2.1,0,0,0.7,6.3,5,4.2,2.29,6.7,,5.5,2.2,5.1,4,0,3,0,6,4,9,5.325,0,3.033333333,5.55,4.4,0,2.8,4,5.2,3.9
TZ1102,Iringa,Mufindi,411325,50,4.38,6.6,6.5,8.266666667,5,3.6,2.4,0,0,0.7,4.1,5,6.2,3.1,3.6,,1,2.2,5.3,4,0,3,0,6,4,9,5.325,0,3.033333333,5.55,4.4,0,2.4,4,5.2,3.7
TZ1103,Iringa,Iringa Urban,,,4.38,6.6,6.5,8.266666667,5,3.6,7,0,0,0.7,0,0,1.9,,6.7,,,2.2,8.1,,0,,0,6,,9,5.325,0,3.033333333,5.55,4.4,0,1.8,4,5.7,3.4
TZ1104,Iringa,Kilolo,263559,29,4.38,6.6,6.5,8.266666667,5,3.6,4,0,0,0.7,3.8,5,5.4,2.41,4.2,,2.2,2.2,7.5,4,0,3,0,6,4,9,5.325,0,3.033333333,5.55,4.4,0,2.6,4,5.3,3.8
TZ1105,Iringa,Mafinga Township Authority,,,4.38,6.6,6.5,8.266666667,5,3.6,7,0,0,0.7,0,0,6.9,,0,,,2.2,0.1,,0,,0,6,,9,5.325,0,3.033333333,5.55,4.4,0,1.2,4,5.7,3
TZ1201,Mbeya,Chunya,344471,18,5.62,7.45,3,8.8,5.05,3.5,6.4,0,0,0.7,1.9,8,5.6,1.86,2.8,5,3.3,6.05,4.1,5,0,4,5,6.6,4,7.5,7.65,0,3.333333333,5.55,5,0,3.6,4.2,5,4.2
TZ1202,Mbeya,Mbeya,912862,305,5.62,7.45,3,8.8,5.05,3.5,2,0,0,0.7,1.5,10,5.2,5.32,1.2,4,1.6,6.05,8.5,5,0,5,5,6.6,4,7.5,7.65,0,3.333333333,5.55,5,0,3.7,4.2,4.6,4.2
TZ1203,Mbeya,Kyela,266426,338,5.62,7.45,3,8.8,5.05,3.5,5.6,0,0,0.7,2.2,10,4.75,5.45,10,,3.9,6.05,5,5,0,4,6,6.6,4,7.5,7.65,0,3.333333333,5.55,5,0,3.8,4.2,4.9,4.3
TZ1204,Mbeya,Rungwe,273536,129,5.62,7.45,3,8.8,5.05,3.5,3.1,0,0,0.7,0.5,10,5.5,4.26,3.6,,2,6.05,8.5,5,0,4,7,6.6,4,7.5,7.65,0,3.333333333,5.55,5,0,3.6,4.2,4.7,4.1
TZ1207,Mbeya,Mbarali,446336,34,5.62,7.45,3,8.8,5.05,3.5,2.9,0,0,0.7,3.9,8,3.8,2.62,8.4,,4.5,6.05,3.8,5,0,4,5,6.6,4,7.5,7.65,0,3.333333333,5.55,5,0,3.6,4.2,4.7,4.1
TZ1208,Mbeya,Mbeya Urban,,,5.62,7.45,3,8.8,5.05,3.5,7,0,0,0.7,0,10,5.25,,0,,,6.05,6.1,,0,,5,6.6,,7.5,7.65,0,3.333333333,5.55,5,0,3,4.2,5.1,4
TZ1301,Singida,Iramba,328912,73,6.4,7.75,6.5,9.3,5.6,3.55,5.5,0,0,0.7,7,10,2.7,3.57,6.2,,4.5,0,0,4,0,3,0,7.65,5,2.575,7,0,4.1,4.6,1.7,3.6,2.5,3.3,6,3.7
TZ1302,Singida,Singida,517354,161,6.4,7.75,6.5,9.3,5.6,3.55,3,0,0,0.7,8.7,10,3.3,4.54,4.3,,2.8,0,1.1,4,0,3,0,7.65,5,2.575,7,0,4.1,4.6,1.7,3.6,2.5,3.3,5.7,3.6
TZ1303,Singida,Manyoni,279069,10,6.4,7.75,6.5,9.3,5.6,3.55,4.3,0,0,0.7,7,9.2,3.6,1.1,7.4,,4.1,0,0.2,4,0,3,0,7.65,5,2.575,7,0,4.1,4.6,1.7,3.6,2.6,3.3,5.9,3.7
TZ1304,Singida,Singida Urban,,,6.4,7.75,6.5,9.3,5.6,3.55,7,0,0,0.7,7,10,3.3,,5.7,,,0,0,,0,,0,7.65,,2.575,7,0,4.1,4.6,1.7,3.6,2,3.3,6.2,3.4
TZ1305,Singida,Ikungi,411262,48,6.4,7.75,6.5,9.3,5.6,3.55,3.9,0,0,0.7,7,10,4.35,3.06,6.1,,3.9,0,0,4,0,3,0,7.65,5,2.575,7,0,4.1,4.6,1.7,3.6,2.6,3.3,5.8,3.7
TZ1306,Singida,Mkalama,255514,83,6.4,7.75,3.8,9.3,5.6,3.55,5.5,0,0,0.7,7,10,2.55,3.72,5.4,,3.8,0,0.3,4,0,3,0,7.65,5,2.575,7,0,4.1,4.6,1.7,3.6,2.5,3.3,5.3,3.5
TZ1401,Tabora,Nzega,699691,89,9.68,7.35,6.5,9.133333333,6.95,3.1,2.6,0,0,0.7,6.5,8.4,3.55,3.81,4.9,,4.7,4.9,0,5,0,,0,7.15,4,4.025,8.275,0,4.466666667,4.65,7.1,3.8,2.8,4.5,5.9,4.2
TZ1402,Tabora,Igunga,546204,77,9.68,7.35,6.5,9.133333333,6.95,3.1,3.6,0,0,0.7,6.5,10,2.45,3.64,6.6,,5.3,4.9,0,5,0,,0,7.15,4,4.025,8.275,0,4.466666667,4.65,7.1,3.8,3,4.5,6.1,4.4
TZ1403,Tabora,Uyui,562588,49,9.68,7.35,6.5,9.133333333,6.95,3.1,3.8,0,0,0.7,5.2,3.4,4.2,3.08,6.2,,4.6,4.9,0,5,0,,0,7.15,4,4.025,8.275,0,4.466666667,4.65,7.1,3.8,2.6,4.5,6.1,4.1
TZ1404,Tabora,Urambo,260322,48,9.68,7.35,6.5,9.133333333,6.95,3.1,6.6,0,0,0.7,4.3,0,3.9,3.05,2.9,,4.8,4.9,0,5,0,,0,7.15,4,4.025,8.275,0,4.466666667,4.65,7.1,3.8,2.3,4.5,6.4,4
TZ1405,Tabora,Sikonge,335686,13,9.68,7.35,6.5,9.133333333,6.95,3.1,5.9,0,0,0.7,4.3,0.1,3.25,1.42,4.3,,5,4.9,0,5,0,,0,7.15,4,4.025,8.275,0,4.466666667,4.65,7.1,3.8,2.4,4.5,6.3,4.1
TZ1406,Tabora,Tabora Urban,,,9.68,7.35,6.5,9.133333333,6.95,3.1,7,0,0,0.7,0.7,0,3.1,,3.1,,,4.9,0,,0,,0,7.15,,4.025,8.275,0,4.466666667,4.65,7.1,3.8,1.7,4.5,6.7,3.7
TZ1407,Tabora,Kaliua,678447,43,9.68,7.35,6.5,9.133333333,6.95,3.1,4.8,0,0,0.7,4.4,0,4.35,2.92,5.7,,4.8,4.9,0,5,0,,0,7.15,4,4.025,8.275,0,4.466666667,4.65,7.1,3.8,2.4,4.5,6.2,4.1
TZ1501,Rukwa,Kalambo,316783,56,8.44,10,6.5,9.733333333,6.15,6.2,4.5,0,0,0.7,2.9,10,5.85,3.25,3.8,,2.6,1.7,6.3,5,0,,0,6,4,8.5,9.3,6.9,4.366666667,5.15,5.8,0,2.5,6,7.1,4.7
TZ1502,Rukwa,Sumbawanga,798316,131,8.44,10,4.5,9.733333333,6.15,5,2.2,0,0,0.7,3,10,5.3,4.28,7.2,,1.9,1.7,4.3,5,0,,0,6,4,8.5,9.3,6.9,4.366666667,5.15,5.8,0,2.5,6,6.1,4.5
TZ1503,Rukwa,Nkasi,425420,44,8.44,10,4.5,9.733333333,6.15,5,3.7,0,0,0.7,1.9,10,5.15,2.96,6.1,,3.1,1.7,6.2,5,0,,0,6,4,8.5,9.3,6.9,4.366666667,5.15,5.8,0,2.5,6,6.2,4.5
TZ1504,Rukwa,Sumbawanga Urban,,,8.44,10,6.5,9.733333333,6.15,6.2,7,0,0,0.7,0.7,10,5,,0,,,1.7,3.9,,0,,0,5.5,,8.5,9.3,6.9,4.366666667,5.15,5.8,0,1.8,6,7.4,4.3
TZ1601,Kigoma,Kibondo,362922,27,5.76,8.95,6.5,9.4,6.3,4.3,5.2,0,0,0.7,2.7,8,3.1,2.35,7.5,,4.2,9.65,0,7,0,,0,6.25,4,7.5,9.125,8,4.2,4.75,4.8,0,3.6,5.8,6.3,5.1
TZ1602,Kigoma,Kasulu,776088,97,5.76,8.95,6.5,9.4,6.3,4.3,5.2,0,0,0.7,1.6,8.9,5,3.91,7.5,,4.2,9.65,0,7,0,,0,6.25,4,7.5,9.125,10,4.2,4.75,4.8,0,3.6,6.2,6.3,5.2
TZ1603,Kigoma,Kigoma,455180,361,5.76,8.95,6.5,9.4,6.3,4.3,4.9,0,0,0.7,1.2,10,3.8,5.53,7.5,,4.3,9.65,7.7,7,0,,0,6.25,4,7.5,9.125,1.9,4.2,4.75,4.8,0,3.9,4.6,6.3,4.8
TZ1604,Kigoma,Kigoma  Urban,,,5.76,8.95,6.5,9.4,6.3,4.3,7,0,0,0.7,0,10,3.4,,7.5,,,9.65,4.7,,0,,0,6.25,,7.5,9.125,0,4.2,4.75,4.8,0,3.5,4.3,6.6,4.6
TZ1605,Kigoma,Uvinza,458353,44,5.76,8.95,6.5,9.4,6.3,4.3,5.8,0,0,0.7,0.8,9.7,4.8,2.96,8.1,,3.5,9.65,6.8,7,0,,0,6.25,4,7.5,9.125,2.5,4.2,4.75,4.8,0,3.9,4.7,6.3,4.9
TZ1606,Kigoma,Buhigwe,240005,157,5.76,8.95,6.5,9.4,6.3,4.3,7.4,0,0,0.7,0.6,10,2.75,4.51,7.5,,3.4,9.65,6,7,0,,0,6.25,4,7.5,9.125,0,4.2,4.75,4.8,0,3.8,4.3,6.5,4.7
TZ1607,Kigoma,Kakonko,178419,81,5.76,8.95,6.5,9.4,6.3,4.3,7.3,0,0,0.7,1.9,8,4.2,3.69,7.5,,3.8,9.65,0,7,0,,0,6.25,4,7.5,9.125,3.9,4.2,4.75,4.8,0,3.6,5,6.5,4.9
TZ1608,Kigoma,Kasulu Township Authority,,,5.76,8.95,6.5,9.4,6.3,4.3,7,0,0,0.7,0,10,3.35,,7.5,,,9.65,1.5,,0,,0,6.25,,7.5,9.125,0,4.2,4.75,4.8,0,3.4,4.3,6.6,4.6
TZ1701,Shinyanga,Shinyanga Urban,,,8.58,7.1,6.5,8.933333333,6.3,4.9,7,0,0,0.7,7,10,0.55,,7.4,,,4.9,0,,0,,0,4.55,,5.675,8.95,0,4.233333333,4.55,5.7,5,2.6,4.8,6.7,4.4
TZ1702,Shinyanga,Kishapu,335483,79,8.58,7.1,4.5,8.933333333,6.3,4.9,4.9,0,0,0.7,7,9.9,0.9,3.66,7.4,,5.3,4.9,0,6,0,,0,4.55,,5.675,8.95,0,4.233333333,4.55,5.7,5,2.8,4.8,6,4.3
TZ1703,Shinyanga,Shinyanga,683355,167,8.58,7.1,6.5,8.933333333,6.3,4.9,2.5,0,0,0.7,7,5.9,1.35,4.58,5.1,,4.9,4.9,0,6,0,,0,4.55,,5.675,8.95,0,4.233333333,4.55,5.7,5,2.6,4.8,6.2,4.3
TZ1704,Shinyanga,Kahama,453654,56,8.58,7.1,6.5,8.933333333,6.3,4.9,2,0,0,0.7,7,0.5,3.6,3.24,4,5,4.5,4.9,0,6,0,,0,4.55,,5.675,8.95,0,4.233333333,4.55,5.7,5,2.7,4.8,6.2,4.3
TZ1705,Shinyanga,Kahama Township Authority,,,8.58,7.1,6.5,8.933333333,6.3,4.9,7,0,0,0.7,7,0,2.55,,1.2,,,4.9,0,,0,,0,4.55,,5.675,8.95,0,4.233333333,4.55,5.7,5,1.8,4.8,6.7,3.9
TZ1801,Kagera,Karagwe,385744,75,4.06,8.1,6.5,9.4,6.05,3.4,4,0,0,0.7,3.1,7,6.35,3.59,4.7,,3,5.2,0,8,0,,0,3.75,,5.925,8,0,3.766666667,4.5,5.3,0,2.7,3.9,5.6,3.9
TZ1802,Kagera,Bukoba,467386,273,4.06,8.1,6.5,9.4,6.05,3.4,3.4,0,0,0.7,1.3,8,6.85,5.18,8.1,,3.1,5.2,4.9,9,0,,0,3.75,,5.925,8,0,3.766666667,4.5,5.3,0,3.1,3.9,5.6,4.1
TZ1803,Kagera,Muleba,637659,185,4.06,8.1,6.5,9.4,6.05,3.4,3.1,0,0,0.7,3.1,7,6.95,4.71,8,,3,5.2,7,9,0,,0,3.75,,5.925,8,0,3.766666667,4.5,5.3,0,3.2,3.9,5.5,4.1
TZ1804,Kagera,Biharamulo,457114,62,4.06,8.1,6.5,9.4,6.05,3.4,5.9,0,0,0.7,2.8,7,6.95,3.37,3.2,,3.5,5.2,0,8,0,,0,3.75,,5.925,8,0,3.766666667,4.5,5.3,0,2.6,3.9,5.8,3.9
TZ1805,Kagera,Ngara,383092,117,4.06,8.1,6.5,9.4,6.05,3.4,5.6,0,0,0.7,3.4,7,6.1,4.14,5.3,,3.1,5.2,2.1,8,0,,0,3.75,,5.925,8,0,3.766666667,4.5,5.3,0,2.8,3.9,5.8,4
TZ1806,Kagera,Bukoba Urban,,,4.06,8.1,6.5,9.4,6.05,3.4,7,0,0,0.7,0,7,6.2,,8.1,,,5.2,2.5,,0,,0,3.75,,5.925,8,0,3.766666667,4.5,5.3,0,2.6,3.9,6,3.9
TZ1807,Kagera,Missenyi,245394,87,4.06,8.1,6.5,9.4,6.05,3.4,5.9,0,0,0.7,1.7,7,6.55,3.78,7.1,,3,5.2,1.9,8,0,,0,3.75,,5.925,8,0,3.766666667,4.5,5.3,0,2.8,3.9,5.8,4
TZ1808,Kagera,Kyerwa,412910,161,4.06,8.1,6.5,9.4,6.05,3.4,3.4,0,0,0.7,2.2,7,6.35,4.54,6.1,,3.1,5.2,1.6,8,0,,0,3.75,,5.925,8,0,3.766666667,4.5,5.3,0,2.8,3.9,5.6,3.9
TZ1901,Mwanza,Ukerewe,387815,642,7.52,7.25,3,8.9,5.9,3.5,4.5,0,0,0.7,4.2,0,5.05,6.23,8.5,,4.5,7.35,10,9,0,4,0,2.95,,5.825,8.7,0,3.966666667,5.75,5.1,3.2,3.5,4.6,5.1,4.3
TZ1902,Mwanza,Magu,421119,275,7.52,7.25,3,8.9,5.9,3.5,4.6,0,0,0.7,4.9,0,3.15,5.19,6.4,,4.4,7.35,2.5,8,0,4,0,2.95,,5.825,8.7,0,3.966666667,5.75,5.1,3.2,3,4.6,5.1,4.1
TZ1903,Mwanza,Nyamagana,594834,3250,7.52,7.25,3,8.9,5.9,3.5,6.9,0,0,0.7,5.9,0,1.9,8.22,5.3,4,4.3,7.35,2.4,9,0,4,0,2.95,,5.825,8.7,0,3.966666667,5.75,5.1,3.2,3.1,4.6,5.3,4.2
TZ1904,Mwanza,Kwimba,480025,148,7.52,7.25,3,8.9,5.9,3.5,3.3,0,0,0.7,3.6,0.4,2.9,4.44,3.7,,4.4,7.35,0,8,0,4,0,2.95,,5.825,8.7,0,3.966666667,5.75,5.1,3.2,2.7,4.6,4.9,3.9
TZ1905,Mwanza,Sengerema,425415,135,7.52,7.25,3,8.9,5.9,3.5,2.8,0,0,0.7,4.5,0,5,4.32,7.9,,4.1,7.35,7,9,0,4,0,2.95,,5.825,8.7,0,3.966666667,5.75,5.1,3.2,3.4,4.6,4.9,4.2
TZ1906,Mwanza,Ilemela,509687,2048,7.52,7.25,3,8.9,5.9,3.5,7.1,0,0,0.7,4.9,0,3.9,7.65,7.3,4,4.3,7.35,3.9,9,0,4,0,2.95,,5.825,8.7,0,3.966666667,5.75,5.1,3.2,3.3,4.6,5.3,4.3
TZ1907,Mwanza,Misungwi,467867,180,7.52,7.25,3,8.9,5.9,3.5,3,0,0,0.7,3.7,0,3.55,4.67,4.6,,4.4,7.35,1.6,8,0,4,0,2.95,,5.825,8.7,0,3.966666667,5.75,5.1,3.2,2.8,4.6,4.9,4
TZ2001,Mara,Tarime,537891,352,5.96,6.9,6.5,8.866666667,5.25,5.25,4.4,0,0,0.7,1.8,6.2,4.55,5.49,3.2,4,3.9,6.65,3.4,8,0,,0,5.55,,5.3,8.3,0,4.5,5.15,5.3,0,3.1,4,6.1,4.2
TZ2002,Mara,Serengeti,340349,30,5.96,6.9,6.5,8.866666667,5.25,5.25,6.5,0,0,0.7,4.8,0,3.6,2.49,3.8,,3.8,6.65,2.1,8,0,,0,5.55,,5.3,8.3,0,4.5,5.15,5.3,0,2.7,4,6.3,4.1
TZ2003,Mara,Musoma,430837,322,5.96,6.9,6.5,8.866666667,5.25,5.25,5.5,0,0,0.7,3.9,0,3.5,5.39,6.9,,4.4,6.65,3.5,9,0,,0,5.55,,5.3,8.3,0,4.5,5.15,5.3,0,2.9,4,6.2,4.2
TZ2004,Mara,Bunda,426792,140,5.96,6.9,6.5,8.866666667,5.25,5.25,5.2,0,0,0.7,2.6,0,3.65,4.37,7.1,,4.1,6.65,4.1,9,0,,0,5.55,,5.3,8.3,0,4.5,5.15,5.3,0,2.9,4,6.1,4.1
TZ2005,Mara,Musoma Urban,,,5.96,6.9,6.5,8.866666667,5.25,5.25,7,0,0,0.7,1.4,6,4.5,,9.3,,,6.65,1.5,,0,,0,5.55,,5.3,8.3,0,4.5,5.15,5.3,0,2.8,4,6.4,4.2
TZ2006,Mara,Rorya,354490,177,5.96,6.9,6.5,8.866666667,5.25,5.25,4.5,0,0,0.7,3,9.9,3.6,4.65,6,,4.1,6.65,4.1,9,0,,0,5.55,,5.3,8.3,0,4.5,5.15,5.3,0,3.3,4,6.1,4.3
TZ2007,Mara,Butiam,,,5.96,6.9,6.5,8.866666667,5.25,5.25,7,0,0,0.7,1.4,0.5,4.1,,4.9,,,6.65,3.5,,0,,0,5.55,,5.3,8.3,0,4.5,5.15,5.3,0,2.3,4,6.4,3.9
TZ2101,Manyara,Babati,504772,90,5.52,6.55,6.5,8.466666667,5.3,5.35,3.3,0,0,0.7,7,10,2.4,3.82,6,,3.5,5.9,8,4,0,3,0,4.5,6,4.075,5.95,0,3.333333333,5.1,1.6,6.8,3.4,3.8,5.9,4.2
TZ2102,Manyara,Hanang,367391,102,5.52,6.55,6.5,8.466666667,5.3,5.35,3.9,0,0,0.7,8.7,10,2.9,3.98,6,,2.3,5.9,8.5,4,0,3,0,4.5,6,4.075,5.95,0,3.333333333,5.1,1.6,6.8,3.5,3.8,5.9,4.3
TZ2103,Manyara,Mbulu,376865,97,5.52,6.55,6.5,8.466666667,5.3,5.35,3.2,0,0,0.7,9.5,10,2.4,3.92,2.7,,2.2,5.9,8,4,0,3,0,4.5,6,4.075,5.95,0,3.333333333,5.1,1.6,6.8,3.3,3.8,5.9,4.2
TZ2104,Manyara,Simanjiro,291169,15,5.52,6.55,3.8,8.466666667,5.3,4.5,6,0,0,0.7,9.1,9.8,1.4,1.63,8.5,,3.3,5.9,3.1,4,0,3,0,4.5,6,4.075,5.95,0,3.333333333,5.1,1.6,6.8,3.3,3.8,5.3,4.1
TZ2105,Manyara,Kiteto,352305,27,5.52,6.55,3.8,8.466666667,5.3,4.5,6,0,0,0.7,8.2,8.3,4.55,2.36,3.6,,3.3,5.9,3.9,4,0,3,0,4.5,7,4.075,5.95,0,3.333333333,5.1,1.6,6.8,3.2,3.8,5.3,4
TZ2106,Manyara,Babati Urban,,,5.52,6.55,6.5,8.466666667,5.3,5.35,7,0,0,0.7,6.4,10,2.95,,3.4,,,5.9,6,,0,,0,4.5,,4.075,5.95,0,3.333333333,5.1,1.6,6.8,3,3.8,6.3,4.2
TZ2201,Njombe,Njombe Urban,,,4.38,6.6,6.5,8.266666667,5,3.6,7,0,0,0.7,0.7,1.9,9.5,,1.9,,,5.05,6.2,,0,,0,5.15,,8.5,5.325,0,3.033333333,5.55,5.6,0,2.4,4.1,5.7,3.8
TZ2202,Njombe,Wanging'ombe,191506,56,4.38,6.6,6.5,8.266666667,5,3.6,3.6,0,0,0.7,2.3,6,8.5,3.23,3.6,,2.3,5.05,3.3,4,0,,0,5.15,4,8.5,5.325,0,3.033333333,5.55,5.6,0,2.6,4.1,5.3,3.8
TZ2203,Njombe,Makete,109160,27,4.38,6.6,6.5,8.266666667,5,3.6,5,0,0,0.7,0.7,9.5,8.85,2.34,2.8,,0,5.05,7.8,4,0,,0,5.15,4,8.5,5.325,0,3.033333333,5.55,5.6,0,2.8,4.1,5.4,4
TZ2204,Njombe,Njombe,437919,56,4.38,6.6,6.5,8.266666667,5,3.6,2.4,0,0,0.7,0.8,6,9.35,3.24,1.2,,1.3,5.05,7.1,4,0,,0,5.15,4,8.5,5.325,0,3.033333333,5.55,5.6,0,2.6,4.1,5.2,3.8
TZ2205,Njombe,Ludewa,151361,26,4.38,6.6,6.5,8.266666667,5,3.6,5.4,0,0,0.7,1.1,8.9,8.5,2.29,4.2,,2.7,5.05,7.5,4,0,,0,5.15,4,8.5,5.325,0,3.033333333,5.55,5.6,0,2.9,4.1,5.5,4
TZ2206,Njombe,Makambako Township Authority,,,4.38,6.6,6.5,8.266666667,5,3.6,7,0,0,0.7,0.7,0,8.6,,0,,,5.05,0,,0,,0,5.15,,8.5,5.325,0,3.033333333,5.55,5.6,0,1.8,4.1,5.7,3.5
TZ2301,Katavi,Mpanda Urban,,,8,10,6.5,9.733333333,6.15,6.2,7,0,0,0.7,0,10,3.85,,5.4,,,4.9,0,,0,,0,9.4,,8.225,9.3,0,4.366666667,5.15,5.4,0,2.6,4.6,7.4,4.5
TZ2302,Katavi,Mpanda,662304,102,8,10,6.5,9.733333333,6.15,6.2,5.8,0,0,0.7,1.8,10,3.45,3.98,5.4,4,4.8,4.9,5.1,5,0,,0,9.4,4,8.225,9.3,0,4.366666667,5.15,5.4,0,3.3,4.6,7.1,4.8
TZ2303,Katavi,Mlele,118818,5,8,10,6.5,9.733333333,6.15,6.2,7.2,0,0,0.7,2.3,8.8,2.85,0.3,7.5,,4.5,4.9,3.7,5,0,,0,9.4,4,8.225,9.3,0,4.366666667,5.15,5.4,0,3,4.6,7.3,4.7
TZ2401,Simiyu,Bariadi,644312,118,8.12,7.1,6.5,8.933333333,6.3,4.9,4.8,0,0,0.7,7,0,1.75,4.16,4.9,,4.2,0,0,8,0,,0,7.55,,5.675,8.525,0,4.233333333,4.55,4,9.5,1.7,5.2,6.4,3.8
TZ2402,Simiyu,Itilima,419213,89,8.12,7.1,6.5,8.933333333,6.3,4.9,5,0,0,0.7,7,3.9,1.1,3.82,2.7,,3.6,0,0.3,7,0,,0,7.55,,5.675,8.525,0,4.233333333,4.55,4,9.5,1.7,5.2,6.4,3.8
TZ2403,Simiyu,Meatu,366941,41,8.12,7.1,3.8,8.933333333,6.3,4.5,5.4,0,0,0.7,7,10,1.45,2.87,7.5,,4.3,0,0,7,0,,0,7.55,,5.675,8.525,0,4.233333333,4.55,4,9.5,2.4,5.2,5.7,4.1
TZ2404,Simiyu,Maswa,427864,116,8.12,7.1,6.5,8.933333333,6.3,4.9,4.8,0,0,0.7,7,8.8,1.35,4.14,3.8,,4.3,0,0,7,0,,0,7.55,,5.675,8.525,0,4.233333333,4.55,4,9.5,2.1,5.2,6.4,4.1
TZ2405,Simiyu,Busega,282167,197,8.12,7.1,6.5,8.933333333,6.3,4.9,6.3,0,0,0.7,7,0,3.05,4.79,7.1,,4.3,0,0.2,9,0,,0,7.55,,5.675,8.525,0,4.233333333,4.55,4,9.5,2,5.2,6.6,4.1
TZ2501,Geita,Geita,1396885,287,8.16,7.25,6.5,8.9,5.9,4.05,2.5,0,0,0.7,4.4,0,4.05,5.24,6.1,5,3.7,7.75,2.8,9,0,,0,5.1,,7.5,8.7,0,3.966666667,5.75,5.8,0,3.3,4.5,5.9,4.4
TZ2502,Geita,Nyang'hwale,225803,141,8.16,7.25,6.5,8.9,5.9,4.05,6.4,0,0,0.7,4.5,0,3.15,4.38,4.9,,4.1,7.75,0,8,0,,0,5.1,,7.5,8.7,0,3.966666667,5.75,5.8,0,2.8,4.5,6.3,4.3
TZ2503,Geita,Mbogwe,362855,170,8.16,7.25,6.5,8.9,5.9,4.05,5.7,0,0,0.7,5.2,0,4.45,4.61,3.6,4,4.3,7.75,0,8,0,,0,5.1,,7.5,8.7,0,3.966666667,5.75,5.8,0,3,4.5,6.2,4.4
TZ2504,Geita,Bukombe,407102,51,8.16,7.25,6.5,8.9,5.9,4.05,6.1,0,0,0.7,3.1,0,3.35,3.12,3.8,,4.3,7.75,0,8,0,,0,5.1,,7.5,8.7,0,3.966666667,5.75,5.8,0,2.7,4.5,6.3,4.2
TZ2505,Geita,Chato,584963,195,8.16,7.25,6.5,8.9,5.9,4.05,3.5,0,0,0.7,3,0,4.2,4.77,7.2,4,4.3,7.75,2.1,9,0,,0,5.1,,7.5,8.7,0,3.966666667,5.75,5.8,0,3.2,4.5,6,4.4
TZ2601,Songwe,Songwe,229129,21,5.72,7.45,6.5,8.8,5.05,4.15,7.3,0,0,0.7,1.9,9.8,4.1,2.03,7.7,,4,5.5,4.3,5,0,,0,6.5,4,8,7.65,0,3.333333333,5.55,4.6,0,3.1,4.2,6.1,4.3
TZ2605,Songwe,Ileje,125869,68,5.72,7.45,6.5,8.8,5.05,4.15,5.7,0,0,0.7,2.2,10,4.55,3.47,3.2,,2.4,5.5,8.1,5,0,,6,6.5,4,8,7.65,0,3.333333333,5.55,4.6,0,3.3,4.2,5.9,4.3
TZ2606,Songwe,Mbozi,510599,134,5.72,7.45,6.5,8.8,5.05,4.15,2.7,0,0,0.7,3,10,3.45,4.31,0,,3.1,5.5,4.3,5,0,,0,6.5,4,8,7.65,0,3.333333333,5.55,4.6,0,2.7,4.2,5.6,4
TZ2609,Songwe,Momba,259781,54,5.72,7.45,6.5,8.8,5.05,4.15,5.3,0,0,0.7,2.8,10,4.6,3.2,7.4,,4.5,5.5,2.2,5,0,,0,6.5,4,8,7.65,0,3.333333333,5.55,4.6,0,3.1,4.2,5.9,4.3
TZ2610,Songwe,Tunduma,,,5.72,7.45,6.5,8.8,5.05,4.15,7,0,0,0.7,0,10,4.5,,0,,,5.5,6.8,,0,,0,6.5,,8,7.65,0,3.333333333,5.55,4.6,0,2.6,4.2,6.1,4.1
TZ5101,Kaskazini Unguja,Kaskazini A,157369,649,5.04,5.45,6.5,7.466666667,5.9,6.95,7.7,6.5,0,0.7,4.7,0,6,6.24,5.2,,6,5.2,0,,6,,0,0.1,,4.675,2.875,10,2.866666667,4.35,1.3,0,2.8,4,6.5,4.2
TZ5102,Kaskazini Unguja,Kaskazini B,99921,451,5.04,5.45,6.5,7.466666667,5.9,6.95,7.9,6.5,0,0.7,4.1,0,5.6,5.8,6.3,,6.2,5.2,0,,5,,0,0.1,,4.675,2.875,10,2.866666667,4.35,1.3,0,2.7,4,6.6,4.1
TZ5201,Kusini Unguja,Kati,132717,259,4.3,4.55,6.5,6.6,3.8,7.2,7.7,6.5,0,0.7,4.4,0,5.9,5.12,4.8,,6.4,6.15,3.7,,6,,0,0,,3.9,2.225,0,3.133333333,4.3,0.6,0,3.1,2,6.1,3.4
TZ5202,Kusini Unguja,Kusini,63156,172,4.3,4.55,6.5,6.6,3.8,7.2,8,6.5,0,0.7,4.3,0,6.35,4.62,5.5,,6.3,6.15,2.2,,7,,0,0,,3.9,2.225,0,3.133333333,4.3,0.6,0,3.1,2,6.2,3.4
TZ5301,Mjini Magharibi,Magharibi,,,4.24,1.05,6.5,3.2,1.95,7.35,7,6.5,0,0.7,0,0,5.5,,3.4,,,1.7,3.4,,0,,0,0,,3.3,0.825,0,1.7,6.7,1.1,0,1.5,1.9,5.5,2.5
TZ5302,Mjini Magharibi,Mjini,219007,13898,4.24,1.05,6.5,3.2,1.95,7.35,7.6,6.5,0,0.7,0,0,5.45,10,7.7,,6.4,1.7,3.7,,6,,0,0,,3.3,0.825,0,1.7,6.7,1.1,0,2.3,1.9,5.3,2.9
TZ5401,Kaskazini Pemba,Wete,148712,495,7.16,5.65,6.5,7.266666667,6.45,6.85,7.8,6.5,0,0.7,5,0,5.4,5.91,7.5,,6,6.8,3.9,,6,,0,0,,3.95,5.275,0,3.9,4.8,0.8,0,3.3,2.6,6.8,3.9
TZ5402,Kaskazini Pemba,Micheweni,123379,607,7.16,5.65,3.8,7.266666667,6.45,4.5,8,6.5,0,0.7,5.7,0,5.05,6.16,5.5,,6,6.8,2.2,,6,,0,0,,3.95,5.275,0,3.9,4.8,0.8,0,3.1,2.6,5.6,3.6
TZ5501,Kusini Pemba,Chake Chake,136298,600,6.02,5.2,6.5,6.8,5.55,8,7.9,6.5,0,0.7,4.8,0,4.75,6.15,8.6,,6,0,3.2,,6,,0,0,,3.3,3.525,0,3.666666667,5.2,0.6,0,2.3,2.2,6.8,3.3
TZ5502,Kusini Pemba,Mkoani,135052,511,6.02,5.2,6.5,6.8,5.55,8,7.8,6.5,0,0.7,4.2,0,4.75,5.95,10,,6.1,0,2.2,,6,,0,0,,3.3,3.525,0,3.666666667,5.2,0.6,0,2.3,2.2,6.8,3.3
