code,council,slope
C001,Kondoa District,2.96
C002,Kondoa Town,4.682
C003,Mpwapwa District,7.719
C004,Kongwa District,2.754
C005,Chamwino District,2.879
C006,Dodoma City,2.462
C007,Bahi District,1.255
C008,Chemba District,2.638
C009,Monduli District,3.51
C010,Meru District,4.611
C011,Arusha District,5.17
C012,Longido District,4.132
C013,Karatu District,4.614
C014,Ngorongoro District,5.236
C015,Arusha City,2.333
C016,Rombo District,8.841
C017,Mwanga District,5.476
C018,Same District,5.099
C019,Moshi Municipal,1.934
C020,Moshi District,4.311
C021,Hai District,5.618
C022,Siha District,5.649
C023,Lushoto District,6.247
C024,Bumbuli District,15.889
C025,Korogwe District,5.406
C026,Korogwe Town,3.609
C027,Muheza District,6.084
C028,Tanga City,1.833
C029,Pangani District,1.919
C030,Handeni District,3.025
C031,Handeni Town,3.023
C032,Kilindi District,4.451
C033,Mkinga District,2.844
C034,Kilosa District,6.849
C035,Morogoro District,4.132
C036,Morogoro Municipal,6.325
C037,Mlimba District,5.607
C038,Ifakara Town,2.808
C039,Ulanga District,3.933
C040,Malinyi District,6.554
C041,Mvomero District,5.347
C042,Gairo District,7.887
C043,Bagamoyo District,1.02
C044,Chalinze District,2.514
C045,Kibaha District,1.16
C046,Kibaha Town,1.831
C047,Kisarawe District,2.062
C048,Mkuranga District,1.828
C049,Rufiji District,1.473
C050,Mafia District,0.916
C051,Kibiti District,1.667
C052,Kinondoni Municipal,1.817
C053,Dar Es Salaam City,1.709
C054,Temeke Municipal,2.233
C055,Kigamboni Municipal,0.946
C056,Ubungo Municipal,2.662
C057,Kilwa District,2.294
C058,Mtama District,3.716
C059,Lindi Municipal,3.578
C060,Nachingwea District,1.625
C061,Liwale District,2.095
C062,Ruangwa District,3.035
C063,Mtwara District,2.318
C064,Nanyamba Town,1.946
C065,Mtwara Mikindani Municipal,3.205
C066,Newala District,2.318
C067,Newala Town,2.797
C068,Masasi District,2.214
C069,Masasi Town,2.037
C070,Tandahimba District,2.038
C071,Nanyumbu District,2.145
C072,Tunduru District,2.391
C073,Songea District,3.975
C074,Songea Municipal,4.141
C075,Madaba District,6.549
C076,Mbinga District,7.609
C077,Mbinga Town,7.726
C078,Nyasa District,8.303
C079,Namtumbo District,3.426
C080,Iringa District,3.11
C081,Iringa Municipal,6.974
C082,Mafinga Town,3.339
C083,Mufindi District,6.417
C084,Kilolo District,10.777
C085,Chunya District,3.014
C086,Mbeya District,8.174
C087,Mbeya City,7.505
C088,Kyela District,3.595
C089,Rungwe District,8.285
C090,Busokelo District,9.94
C091,Mbarali District,2.134
C092,Iramba District,1.902
C093,Singida District,2.158
C094,Singida Municipal,1.642
C095,Manyoni District,1.481
C096,Itigi District,1.946
C097,Ikungi District,1.324
C098,Mkalama District,2.474
C099,Nzega Town,1.181
C100,Nzega District,1.063
C101,Igunga District,1.019
C102,Uyui District,1.274
C103,Urambo District,0.805
C104,Sikonge District,1.404
C105,Tabora Municipal,2.198
C106,Kaliua District,1.321
C107,Kalambo District,4.111
C108,Sumbawanga District,4.947
C109,Sumbawanga Municipal,5.92
C110,Nkasi District,5.23
C111,Kibondo District,1.452
C112,Kasulu District,2.047
C113,Kasulu Town,4.674
C114,Kigoma District,8.406
C115,Kigoma Ujiji City,2.594
C116,Uvinza District,4.822
C117,Buhigwe District,4.97
C118,Kakonko District,4.938
C119,Ushetu District,1.823
C120,Kahama Municipal,1.064
C121,Msalala District,0.979
C122,Kishapu District,0.736
C123,Shinyanga District,0.894
C124,Shinyanga Municipal,1.165
C125,Karagwe District,6.326
C126,Bukoba District,3.662
C127,Bukoba Municipal,4.858
C128,Muleba District,4.888
C129,Biharamulo District,4.243
C130,Ngara District,6.591
C131,Kyerwa District,7.941
C132,Missenyi District,2.085
C133,Ukerewe District,2.555
C134,Magu District,1.348
C135,Mwanza City,3.829
C136,Kwimba District,0.89
C137,Sengerema District,2.241
C138,Buchosa District,2.575
C139,Ilemela Municipal,2.738
C140,Misungwi District,1.95
C141,Tarime District,3.825
C142,Tarime Town,3.265
C143,Serengeti District,2.301
C144,Musoma District,2.194
C145,Musoma Municipal,2.553
C146,Bunda District,2.205
C147,Bunda Town,1.683
C148,Butiama District,3.288
C149,Rorya District,3.064
C150,Babati District,3.545
C151,Babati Town,6.893
C152,Hanang District,3.062
C153,Mbulu District,3.763
C154,Mbulu Town,8.122
C155,Simanjiro District,1.87
C156,Kiteto District,1.923
C157,Njombe District,9.304
C158,Njombe Town,8.165
C159,Makambako Town,4.325
C160,Ludewa District,10.918
C161,Makete District,12.502
C162,Wanging'Ombe District,4.721
C163,Mpanda Municipal,2.378
C164,Nsimbo District,1.481
C165,Tanganyika District,4.709
C166,Mlele District,1.265
C167,Mpimbwe District,3.211
C168,Bariadi District,1.369
C169,Bariadi Town,1.188
C170,Itilima District,1.33
C171,Meatu District,1.464
C172,Maswa District,1.083
C173,Busega District,1.466
C174,Geita District,2.471
C175,Geita Town,2.652
C176,Nyang'Hwale District,1.793
C177,Halmashuari Ya Wilaya Ya Mbogwe District,1.626
C178,Bukombe District,1.287
C179,Chato District,1.922
C180,Momba District,2.563
C181,Tunduma Town,4.222
C182,Songwe District,3.652
C183,Mbozi District,5.509
C184,Ileje District,10.014
C185,Kaskazini A Town,1.235
C186,Kaskazini B Town,1.463
C187,Kati Town,1.048
C188,Kusini District,0.648
C189,Mjini Municipal,1.05
C190,Magharibi A Municipal,2.051
C191,Magharibi B Municipal,1.077
C192,Wete Town,2.401
C193,Micheweni District,1.512
C194,Chake Chake Town,2.166
C195,Mkoani Town,2.273
