code,council,rx1day
C001,Kondoa District,62.029
C002,Kondoa Town,67.717
C003,Mpwapwa District,65.291
C004,Kongwa District,56.878
C005,Chamwino District,44.394
C006,Dodoma City,44.992
C007,Bahi District,41.305
C008,Chemba District,54.952
C009,Monduli District,65.119
C010,Meru District,110.972
C011,Arusha District,109.259
C012,Longido District,65.058
C013,Karatu District,53.473
C014,Ngorongoro District,59.206
C015,Arusha City,107.043
C016,Rombo District,146.61
C017,Mwanga District,86.608
C018,Same District,76.767
C019,Moshi Municipal,158.292
C020,Moshi District,135.975
C021,Hai District,164.009
C022,Siha District,136.279
C023,Lushoto District,106.859
C024,Bumbuli District,170.157
C025,Korogwe District,125.202
C026,Korogwe Town,198.139
C027,Muheza District,182.556
C028,Tanga City,173.02
C029,Pangani District,148.173
C030,Handeni District,150.576
C031,Handeni Town,130.416
C032,Kilindi District,99.702
C033,Mkinga District,163.317
C034,Kilosa District,89.306
C035,Morogoro District,89.414
C036,Morogoro Municipal,63.911
C037,Mlimba District,127.63
C038,Ifakara Town,108.669
C039,Ulanga District,89.417
C040,Malinyi District,111.287
C041,Mvomero District,88.19
C042,Gairo District,84.51
C043,Bagamoyo District,116.001
C044,Chalinze District,113.934
C045,Kibaha District,108.177
C046,Kibaha Town,129.657
C047,Kisarawe District,117.596
C048,Mkuranga District,155.945
C049,Rufiji District,95.119
C050,Mafia District,71.716
C051,Kibiti District,136.88
C052,Kinondoni Municipal,124.38
C053,Dar Es Salaam City,156.283
C054,Temeke Municipal,146.476
C055,Kigamboni Municipal,152.609
C056,Ubungo Municipal,138.666
C057,Kilwa District,80.674
C058,Mtama District,66.495
C059,Lindi Municipal,71.443
C060,Nachingwea District,52.05
C061,Liwale District,68.125
C062,Ruangwa District,64.288
C063,Mtwara District,75.931
C064,Nanyamba Town,72.298
C065,Mtwara Mikindani Municipal,79.28
C066,Newala District,61.6
C067,Newala Town,63.955
C068,Masasi District,49.596
C069,Masasi Town,43.398
C070,Tandahimba District,62.798
C071,Nanyumbu District,41.79
C072,Tunduru District,54.536
C073,Songea District,60.329
C074,Songea Municipal,61.046
C075,Madaba District,101.238
C076,Mbinga District,54.077
C077,Mbinga Town,55.939
C078,Nyasa District,57.572
C079,Namtumbo District,69.984
C080,Iringa District,40.64
C081,Iringa Municipal,43.062
C082,Mafinga Town,66.099
C083,Mufindi District,102.279
C084,Kilolo District,105.696
C085,Chunya District,47.044
C086,Mbeya District,55.651
C087,Mbeya City,49.068
C088,Kyela District,98.293
C089,Rungwe District,113.243
C090,Busokelo District,91.773
C091,Mbarali District,36.79
C092,Iramba District,46.512
C093,Singida District,50.462
C094,Singida Municipal,42.342
C095,Manyoni District,43.679
C096,Itigi District,45.812
C097,Ikungi District,45.776
C098,Mkalama District,39.276
C099,Nzega Town,56.794
C100,Nzega District,64.186
C101,Igunga District,50.921
C102,Uyui District,61.253
C103,Urambo District,67.381
C104,Sikonge District,53.536
C105,Tabora Municipal,71.128
C106,Kaliua District,65.788
C107,Kalambo District,49.299
C108,Sumbawanga District,46.952
C109,Sumbawanga Municipal,48.981
C110,Nkasi District,45.533
C111,Kibondo District,59.129
C112,Kasulu District,54.942
C113,Kasulu Town,48.779
C114,Kigoma District,46.336
C115,Kigoma Ujiji City,36.333
C116,Uvinza District,47.587
C117,Buhigwe District,51.055
C118,Kakonko District,49.811
C119,Ushetu District,56.834
C120,Kahama Municipal,49.017
C121,Msalala District,45.005
C122,Kishapu District,41.581
C123,Shinyanga District,50.877
C124,Shinyanga Municipal,51.529
C125,Karagwe District,52.462
C126,Bukoba District,57.785
C127,Bukoba Municipal,59.422
C128,Muleba District,55.645
C129,Biharamulo District,54.424
C130,Ngara District,55.622
C131,Kyerwa District,45.67
C132,Missenyi District,47.766
C133,Ukerewe District,51.136
C134,Magu District,39.847
C135,Mwanza City,41.44
C136,Kwimba District,40.887
C137,Sengerema District,45.853
C138,Buchosa District,46.3
C139,Ilemela Municipal,39.322
C140,Misungwi District,41.728
C141,Tarime District,39.344
C142,Tarime Town,41.5
C143,Serengeti District,43.437
C144,Musoma District,42.571
C145,Musoma Municipal,34.804
C146,Bunda District,40.502
C147,Bunda Town,41.97
C148,Butiama District,42.548
C149,Rorya District,39.969
C150,Babati District,63.943
C151,Babati Town,65.381
C152,Hanang District,55.957
C153,Mbulu District,54.967
C154,Mbulu Town,83.588
C155,Simanjiro District,76.776
C156,Kiteto District,65.351
C157,Njombe District,109.627
C158,Njombe Town,85.813
C159,Makambako Town,88.777
C160,Ludewa District,71.15
C161,Makete District,74.982
C162,Wanging'Ombe District,49.352
C163,Mpanda Municipal,46.243
C164,Nsimbo District,45.454
C165,Tanganyika District,48.068
C166,Mlele District,51.51
C167,Mpimbwe District,42.298
C168,Bariadi District,40.578
C169,Bariadi Town,36.673
C170,Itilima District,40.437
C171,Meatu District,35.916
C172,Maswa District,42.423
C173,Busega District,41.074
C174,Geita District,45.173
C175,Geita Town,44.543
C176,Nyang'Hwale District,43.736
C177,Halmashuari Ya Wilaya Ya Mbogwe District,45.772
C178,Bukombe District,54.77
C179,Chato District,49.704
C180,Momba District,40.576
C181,Tunduma Town,33.323
C182,Songwe District,44.982
C183,Mbozi District,42.297
C184,Ileje District,101.316
C185,Kaskazini A Town,192.77
C186,Kaskazini B Town,188.816
C187,Kati Town,80.616
C188,Kusini District,77.341
C189,Mjini Municipal,83.184
C190,Magharibi A Municipal,84.953
C191,Magharibi B Municipal,106.621
C192,Wete Town,192.425
C193,Micheweni District,182.448
C194,Chake Chake Town,152.69
C195,Mkoani Town,193.584
